fatal: could not read Username for 'https://github.com': Device not configured
To https://github.com/lifeosnico-bot/nico-workspace.git
   e969f9c..2fb5b71  master -> master
To https://github.com/lifeosnico-bot/nico-workspace.git
 ! [rejected]        master -> master (fetch first)
error: failed to push some refs to 'https://github.com/lifeosnico-bot/nico-workspace.git'
hint: Updates were rejected because the remote contains work that you do not
hint: have locally. This is usually caused by another repository pushing to
hint: the same ref. If you want to integrate the remote changes, use
hint: 'git pull' before pushing again.
hint: See the 'Note about fast-forwards' in 'git push --help' for details.
warning: adding embedded git repository: lettabot/lettabot
hint: You've added another git repository inside your current repository.
hint: Clones of the outer repository will not contain the contents of
hint: the embedded repository and will not know how to obtain it.
hint: If you meant to add a submodule, use:
hint:
hint: 	git submodule add <url> lettabot/lettabot
hint:
hint: If you added this path by mistake, you can remove it from the
hint: index with:
hint:
hint: 	git rm --cached lettabot/lettabot
hint:
hint: See "git help submodule" for more information.
hint: Disable this message with "git config set advice.addEmbeddedRepo false"
To https://github.com/lifeosnico-bot/nico-workspace.git
   8bd0440..fb49d41  master -> master
To https://github.com/lifeosnico-bot/nico-workspace.git
   fb49d41..270bd3f  master -> master
remote: 
remote: Create a pull request for 'backup' on GitHub by visiting:        
remote:      https://github.com/lifeosnico-bot/nico-workspace/pull/new/backup        
remote: 
To https://github.com/lifeosnico-bot/nico-workspace.git
 * [new branch]      HEAD -> backup
To https://github.com/lifeosnico-bot/nico-workspace.git
   8e9ccda..8b5babd  HEAD -> backup
To https://github.com/lifeosnico-bot/nico-workspace.git
   8b5babd..de40dcb  HEAD -> backup
To https://github.com/lifeosnico-bot/nico-workspace.git
   de40dcb..bc20b3a  HEAD -> backup
To https://github.com/lifeosnico-bot/nico-workspace.git
   bc20b3a..39843fc  HEAD -> backup
To https://github.com/lifeosnico-bot/nico-workspace.git
   39843fc..3f738f8  HEAD -> backup
To https://github.com/lifeosnico-bot/nico-workspace.git
   3f738f8..1cfc3e9  HEAD -> backup
To https://github.com/lifeosnico-bot/nico-workspace.git
   1cfc3e9..eab62b8  HEAD -> backup
To https://github.com/lifeosnico-bot/nico-workspace.git
   eab62b8..d4e3a66  HEAD -> backup
To https://github.com/lifeosnico-bot/nico-workspace.git
   d4e3a66..e057565  HEAD -> backup
To https://github.com/lifeosnico-bot/nico-workspace.git
   e057565..3c1d724  HEAD -> backup
To https://github.com/lifeosnico-bot/nico-workspace.git
   3c1d724..b62ca59  HEAD -> backup
To https://github.com/lifeosnico-bot/nico-workspace.git
   b62ca59..4589549  HEAD -> backup
To https://github.com/lifeosnico-bot/nico-workspace.git
   4589549..be44460  HEAD -> backup
To https://github.com/lifeosnico-bot/nico-workspace.git
   be44460..07d8881  HEAD -> backup
To https://github.com/lifeosnico-bot/nico-workspace.git
   07d8881..6388a7a  HEAD -> backup
To https://github.com/lifeosnico-bot/nico-workspace.git
   6388a7a..35d979e  HEAD -> backup
To https://github.com/lifeosnico-bot/nico-workspace.git
   35d979e..ca7f4f7  HEAD -> backup
To https://github.com/lifeosnico-bot/nico-workspace.git
   ca7f4f7..992c76f  HEAD -> backup
To https://github.com/lifeosnico-bot/nico-workspace.git
   992c76f..ea6eee0  HEAD -> backup
To https://github.com/lifeosnico-bot/nico-workspace.git
   ea6eee0..5e16335  HEAD -> backup
To https://github.com/lifeosnico-bot/nico-workspace.git
   5e16335..c167261  HEAD -> backup
To https://github.com/lifeosnico-bot/nico-workspace.git
   c167261..1cf7d65  HEAD -> backup
To https://github.com/lifeosnico-bot/nico-workspace.git
   1cf7d65..69a531d  HEAD -> backup
To https://github.com/lifeosnico-bot/nico-workspace.git
   69a531d..9fad9d4  HEAD -> backup
To https://github.com/lifeosnico-bot/nico-workspace.git
   9fad9d4..7a03ce2  HEAD -> backup
To https://github.com/lifeosnico-bot/nico-workspace.git
   7a03ce2..db0d392  HEAD -> backup
To https://github.com/lifeosnico-bot/nico-workspace.git
   db0d392..7d14b86  HEAD -> backup
To https://github.com/lifeosnico-bot/nico-workspace.git
   7d14b86..2ec39fa  HEAD -> backup
To https://github.com/lifeosnico-bot/nico-workspace.git
   2ec39fa..be85c64  HEAD -> backup
To https://github.com/lifeosnico-bot/nico-workspace.git
   be85c64..90ac8a8  HEAD -> backup
To https://github.com/lifeosnico-bot/nico-workspace.git
   90ac8a8..ebd3339  HEAD -> backup
To https://github.com/lifeosnico-bot/nico-workspace.git
   ebd3339..d32d0c1  HEAD -> backup
To https://github.com/lifeosnico-bot/nico-workspace.git
   d32d0c1..d42aa50  HEAD -> backup
To https://github.com/lifeosnico-bot/nico-workspace.git
   d42aa50..37e3cfb  HEAD -> backup
To https://github.com/lifeosnico-bot/nico-workspace.git
   37e3cfb..df0a496  HEAD -> backup
To https://github.com/lifeosnico-bot/nico-workspace.git
   df0a496..49cb624  HEAD -> backup
To https://github.com/lifeosnico-bot/nico-workspace.git
   49cb624..cc45670  HEAD -> backup
To https://github.com/lifeosnico-bot/nico-workspace.git
   cc45670..211fb3f  HEAD -> backup
To https://github.com/lifeosnico-bot/nico-workspace.git
   211fb3f..51925af  HEAD -> backup
To https://github.com/lifeosnico-bot/nico-workspace.git
   51925af..121fcf9  HEAD -> backup
To https://github.com/lifeosnico-bot/nico-workspace.git
   121fcf9..ce9c5f5  HEAD -> backup
To https://github.com/lifeosnico-bot/nico-workspace.git
   ce9c5f5..298bc69  HEAD -> backup
To https://github.com/lifeosnico-bot/nico-workspace.git
   298bc69..3a9e312  HEAD -> backup
To https://github.com/lifeosnico-bot/nico-workspace.git
   3a9e312..a508858  HEAD -> backup
To https://github.com/lifeosnico-bot/nico-workspace.git
   a508858..266d34d  HEAD -> backup
To https://github.com/lifeosnico-bot/nico-workspace.git
   266d34d..90da643  HEAD -> backup
To https://github.com/lifeosnico-bot/nico-workspace.git
   90da643..07a8a62  HEAD -> backup
To https://github.com/lifeosnico-bot/nico-workspace.git
   07a8a62..9e7a6a8  HEAD -> backup
To https://github.com/lifeosnico-bot/nico-workspace.git
   9e7a6a8..7335717  HEAD -> backup
To https://github.com/lifeosnico-bot/nico-workspace.git
   7335717..cc792e6  HEAD -> backup
To https://github.com/lifeosnico-bot/nico-workspace.git
   cc792e6..a6407a4  HEAD -> backup
To https://github.com/lifeosnico-bot/nico-workspace.git
   a6407a4..5ed31a2  HEAD -> backup
To https://github.com/lifeosnico-bot/nico-workspace.git
   5ed31a2..1aacfb1  HEAD -> backup
To https://github.com/lifeosnico-bot/nico-workspace.git
   1aacfb1..bcbe109  HEAD -> backup
To https://github.com/lifeosnico-bot/nico-workspace.git
   bcbe109..e15d429  HEAD -> backup
To https://github.com/lifeosnico-bot/nico-workspace.git
   e15d429..9aa2475  HEAD -> backup
To https://github.com/lifeosnico-bot/nico-workspace.git
   9aa2475..a316d4a  HEAD -> backup
To https://github.com/lifeosnico-bot/nico-workspace.git
   a316d4a..8d7fa61  HEAD -> backup
To https://github.com/lifeosnico-bot/nico-workspace.git
   8d7fa61..6437a03  HEAD -> backup
To https://github.com/lifeosnico-bot/nico-workspace.git
   6437a03..3a27967  HEAD -> backup
To https://github.com/lifeosnico-bot/nico-workspace.git
   3a27967..7b96870  HEAD -> backup
To https://github.com/lifeosnico-bot/nico-workspace.git
   7b96870..daf8a05  HEAD -> backup
To https://github.com/lifeosnico-bot/nico-workspace.git
   daf8a05..e0cec90  HEAD -> backup
To https://github.com/lifeosnico-bot/nico-workspace.git
   e0cec90..f150e52  HEAD -> backup
To https://github.com/lifeosnico-bot/nico-workspace.git
   f150e52..77dffd8  HEAD -> backup
To https://github.com/lifeosnico-bot/nico-workspace.git
   77dffd8..ebe28e2  HEAD -> backup
To https://github.com/lifeosnico-bot/nico-workspace.git
   ebe28e2..dece2ef  HEAD -> backup
To https://github.com/lifeosnico-bot/nico-workspace.git
   dece2ef..01009dd  HEAD -> backup
To https://github.com/lifeosnico-bot/nico-workspace.git
   01009dd..9d51b0f  HEAD -> backup
To https://github.com/lifeosnico-bot/nico-workspace.git
   9d51b0f..62ddc35  HEAD -> backup
To https://github.com/lifeosnico-bot/nico-workspace.git
   62ddc35..ce15c05  HEAD -> backup
To https://github.com/lifeosnico-bot/nico-workspace.git
   ce15c05..b52b3c5  HEAD -> backup
To https://github.com/lifeosnico-bot/nico-workspace.git
   b52b3c5..5ef6514  HEAD -> backup
To https://github.com/lifeosnico-bot/nico-workspace.git
   5ef6514..10444a2  HEAD -> backup
To https://github.com/lifeosnico-bot/nico-workspace.git
   10444a2..4a5dfae  HEAD -> backup
To https://github.com/lifeosnico-bot/nico-workspace.git
   4a5dfae..00cbc89  HEAD -> backup
To https://github.com/lifeosnico-bot/nico-workspace.git
   00cbc89..51aa437  HEAD -> backup
To https://github.com/lifeosnico-bot/nico-workspace.git
   51aa437..ef74cc1  HEAD -> backup
To https://github.com/lifeosnico-bot/nico-workspace.git
   ef74cc1..dc1b0f2  HEAD -> backup
To https://github.com/lifeosnico-bot/nico-workspace.git
   dc1b0f2..ec68a9a  HEAD -> backup
To https://github.com/lifeosnico-bot/nico-workspace.git
   ec68a9a..2d15430  HEAD -> backup
To https://github.com/lifeosnico-bot/nico-workspace.git
   2d15430..2ab0ea7  HEAD -> backup
To https://github.com/lifeosnico-bot/nico-workspace.git
   2ab0ea7..89c6a47  HEAD -> backup
To https://github.com/lifeosnico-bot/nico-workspace.git
   89c6a47..d5828cb  HEAD -> backup
To https://github.com/lifeosnico-bot/nico-workspace.git
   d5828cb..61ba5f8  HEAD -> backup
To https://github.com/lifeosnico-bot/nico-workspace.git
   61ba5f8..113e42c  HEAD -> backup
To https://github.com/lifeosnico-bot/nico-workspace.git
   113e42c..04fb156  HEAD -> backup
To https://github.com/lifeosnico-bot/nico-workspace.git
   04fb156..bf0f1a5  HEAD -> backup
To https://github.com/lifeosnico-bot/nico-workspace.git
   bf0f1a5..e09973d  HEAD -> backup
To https://github.com/lifeosnico-bot/nico-workspace.git
   e09973d..96bcdd2  HEAD -> backup
To https://github.com/lifeosnico-bot/nico-workspace.git
   96bcdd2..c7747b9  HEAD -> backup
To https://github.com/lifeosnico-bot/nico-workspace.git
   c7747b9..b7a532f  HEAD -> backup
To https://github.com/lifeosnico-bot/nico-workspace.git
   b7a532f..bebf815  HEAD -> backup
To https://github.com/lifeosnico-bot/nico-workspace.git
   bebf815..56c32af  HEAD -> backup
To https://github.com/lifeosnico-bot/nico-workspace.git
   56c32af..f1503fa  HEAD -> backup
warning: adding embedded git repository: Projects/slack-bot
hint: You've added another git repository inside your current repository.
hint: Clones of the outer repository will not contain the contents of
hint: the embedded repository and will not know how to obtain it.
hint: If you meant to add a submodule, use:
hint:
hint: 	git submodule add <url> Projects/slack-bot
hint:
hint: If you added this path by mistake, you can remove it from the
hint: index with:
hint:
hint: 	git rm --cached Projects/slack-bot
hint:
hint: See "git help submodule" for more information.
hint: Disable this message with "git config set advice.addEmbeddedRepo false"
To https://github.com/lifeosnico-bot/nico-workspace.git
   f1503fa..3698af8  HEAD -> backup
To https://github.com/lifeosnico-bot/nico-workspace.git
 + 3698af8...f7c464f HEAD -> backup (forced update)
To https://github.com/lifeosnico-bot/nico-workspace.git
   f7c464f..4b6e7ad  HEAD -> backup
To https://github.com/lifeosnico-bot/nico-workspace.git
   4b6e7ad..17979b4  HEAD -> backup
To https://github.com/lifeosnico-bot/nico-workspace.git
   17979b4..cd866da  HEAD -> backup
To https://github.com/lifeosnico-bot/nico-workspace.git
   cd866da..45b2759  HEAD -> backup
To https://github.com/lifeosnico-bot/nico-workspace.git
   45b2759..deacf58  HEAD -> backup
To https://github.com/lifeosnico-bot/nico-workspace.git
   deacf58..7130dc5  HEAD -> backup
To https://github.com/lifeosnico-bot/nico-workspace.git
   7130dc5..55d5c68  HEAD -> backup
To https://github.com/lifeosnico-bot/nico-workspace.git
   55d5c68..7cd25e7  HEAD -> backup
To https://github.com/lifeosnico-bot/nico-workspace.git
   7cd25e7..b6605c0  HEAD -> backup
To https://github.com/lifeosnico-bot/nico-workspace.git
   b6605c0..e10d249  HEAD -> backup
To https://github.com/lifeosnico-bot/nico-workspace.git
   e10d249..81b112a  HEAD -> backup
To https://github.com/lifeosnico-bot/nico-workspace.git
   81b112a..f70287f  HEAD -> backup
To https://github.com/lifeosnico-bot/nico-workspace.git
   f70287f..aa0903b  HEAD -> backup
To https://github.com/lifeosnico-bot/nico-workspace.git
   aa0903b..b5307ef  HEAD -> backup
To https://github.com/lifeosnico-bot/nico-workspace.git
   b5307ef..9db3677  HEAD -> backup
To https://github.com/lifeosnico-bot/nico-workspace.git
 + ec8f4eb...ba67ee0 HEAD -> backup (forced update)
To https://github.com/lifeosnico-bot/nico-workspace.git
   ba67ee0..e535b7a  HEAD -> backup
To https://github.com/lifeosnico-bot/nico-workspace.git
   e535b7a..dde323e  HEAD -> backup
To https://github.com/lifeosnico-bot/nico-workspace.git
   dde323e..2690397  HEAD -> backup
To https://github.com/lifeosnico-bot/nico-workspace.git
   2690397..2d1a0e3  HEAD -> backup
To https://github.com/lifeosnico-bot/nico-workspace.git
   2d1a0e3..c6fbd02  HEAD -> backup
To https://github.com/lifeosnico-bot/nico-workspace.git
   c6fbd02..06faf26  HEAD -> backup
To https://github.com/lifeosnico-bot/nico-workspace.git
   06faf26..e039b78  HEAD -> backup
To https://github.com/lifeosnico-bot/nico-workspace.git
   e039b78..535952e  HEAD -> backup
To https://github.com/lifeosnico-bot/nico-workspace.git
   535952e..e8c82a0  HEAD -> backup
To https://github.com/lifeosnico-bot/nico-workspace.git
   e8c82a0..598daf8  HEAD -> backup
To https://github.com/lifeosnico-bot/nico-workspace.git
   598daf8..1e49673  HEAD -> backup
To https://github.com/lifeosnico-bot/nico-workspace.git
   1e49673..30f71bd  HEAD -> backup
To https://github.com/lifeosnico-bot/nico-workspace.git
   30f71bd..9979b0b  HEAD -> backup
To https://github.com/lifeosnico-bot/nico-workspace.git
   9979b0b..5ac3878  HEAD -> backup
To https://github.com/lifeosnico-bot/nico-workspace.git
   5ac3878..43f5643  HEAD -> backup
To https://github.com/lifeosnico-bot/nico-workspace.git
   43f5643..5a467d2  HEAD -> backup
To https://github.com/lifeosnico-bot/nico-workspace.git
   5a467d2..78f58c9  HEAD -> backup
To https://github.com/lifeosnico-bot/nico-workspace.git
   78f58c9..ce0a209  HEAD -> backup
To https://github.com/lifeosnico-bot/nico-workspace.git
   ce0a209..9db04a7  HEAD -> backup
To https://github.com/lifeosnico-bot/nico-workspace.git
   9db04a7..4ec312c  HEAD -> backup
To https://github.com/lifeosnico-bot/nico-workspace.git
   4ec312c..620f8ed  HEAD -> backup
To https://github.com/lifeosnico-bot/nico-workspace.git
   620f8ed..eefa7da  HEAD -> backup
To https://github.com/lifeosnico-bot/nico-workspace.git
   eefa7da..f240b3f  HEAD -> backup
To https://github.com/lifeosnico-bot/nico-workspace.git
   f240b3f..bfb64df  HEAD -> backup
To https://github.com/lifeosnico-bot/nico-workspace.git
   bfb64df..4273d37  HEAD -> backup
To https://github.com/lifeosnico-bot/nico-workspace.git
   4273d37..af611cf  HEAD -> backup
To https://github.com/lifeosnico-bot/nico-workspace.git
   af611cf..f301c49  HEAD -> backup
To https://github.com/lifeosnico-bot/nico-workspace.git
   f301c49..f6f3c43  HEAD -> backup
To https://github.com/lifeosnico-bot/nico-workspace.git
   f6f3c43..4e78266  HEAD -> backup
To https://github.com/lifeosnico-bot/nico-workspace.git
   4e78266..abb7266  HEAD -> backup
To https://github.com/lifeosnico-bot/nico-workspace.git
   abb7266..791ee2a  HEAD -> backup
To https://github.com/lifeosnico-bot/nico-workspace.git
   791ee2a..3fb908e  HEAD -> backup
To https://github.com/lifeosnico-bot/nico-workspace.git
   3fb908e..452e7dc  HEAD -> backup
To https://github.com/lifeosnico-bot/nico-workspace.git
   452e7dc..dd82f4b  HEAD -> backup
To https://github.com/lifeosnico-bot/nico-workspace.git
   dd82f4b..b10db44  HEAD -> backup
To https://github.com/lifeosnico-bot/nico-workspace.git
   b10db44..7d97a34  HEAD -> backup
To https://github.com/lifeosnico-bot/nico-workspace.git
   7d97a34..c1eaed4  HEAD -> backup
To https://github.com/lifeosnico-bot/nico-workspace.git
   c1eaed4..d1a72e2  HEAD -> backup
To https://github.com/lifeosnico-bot/nico-workspace.git
   d1a72e2..965c31a  HEAD -> backup
To https://github.com/lifeosnico-bot/nico-workspace.git
   965c31a..5de7055  HEAD -> backup
To https://github.com/lifeosnico-bot/nico-workspace.git
   5de7055..8e30604  HEAD -> backup
To https://github.com/lifeosnico-bot/nico-workspace.git
   8e30604..c2f2d12  HEAD -> backup
To https://github.com/lifeosnico-bot/nico-workspace.git
   c2f2d12..4af36b2  HEAD -> backup
To https://github.com/lifeosnico-bot/nico-workspace.git
   4af36b2..eba7c43  HEAD -> backup
To https://github.com/lifeosnico-bot/nico-workspace.git
   eba7c43..19e009c  HEAD -> backup
To https://github.com/lifeosnico-bot/nico-workspace.git
   19e009c..b65c449  HEAD -> backup
To https://github.com/lifeosnico-bot/nico-workspace.git
   b65c449..298f84d  HEAD -> backup
To https://github.com/lifeosnico-bot/nico-workspace.git
   298f84d..60e537f  HEAD -> backup
To https://github.com/lifeosnico-bot/nico-workspace.git
   60e537f..02f5aae  HEAD -> backup
To https://github.com/lifeosnico-bot/nico-workspace.git
   02f5aae..b0f54be  HEAD -> backup
To https://github.com/lifeosnico-bot/nico-workspace.git
   b0f54be..70d8d21  HEAD -> backup
To https://github.com/lifeosnico-bot/nico-workspace.git
   70d8d21..b8974b1  HEAD -> backup
To https://github.com/lifeosnico-bot/nico-workspace.git
   b8974b1..d323210  HEAD -> backup
To https://github.com/lifeosnico-bot/nico-workspace.git
   d323210..db184af  HEAD -> backup
To https://github.com/lifeosnico-bot/nico-workspace.git
   db184af..be14c8d  HEAD -> backup
To https://github.com/lifeosnico-bot/nico-workspace.git
   be14c8d..6964e37  HEAD -> backup
To https://github.com/lifeosnico-bot/nico-workspace.git
   6964e37..e8791ae  HEAD -> backup
To https://github.com/lifeosnico-bot/nico-workspace.git
   e8791ae..0717bd9  HEAD -> backup
To https://github.com/lifeosnico-bot/nico-workspace.git
   0717bd9..874b49e  HEAD -> backup
To https://github.com/lifeosnico-bot/nico-workspace.git
   874b49e..4137d4e  HEAD -> backup
To https://github.com/lifeosnico-bot/nico-workspace.git
   4137d4e..6caf938  HEAD -> backup
To https://github.com/lifeosnico-bot/nico-workspace.git
   6caf938..6bfd9bd  HEAD -> backup
To https://github.com/lifeosnico-bot/nico-workspace.git
   6bfd9bd..d7ff99d  HEAD -> backup
To https://github.com/lifeosnico-bot/nico-workspace.git
   d7ff99d..84c7726  HEAD -> backup
To https://github.com/lifeosnico-bot/nico-workspace.git
   84c7726..e43ed65  HEAD -> backup
To https://github.com/lifeosnico-bot/nico-workspace.git
   e43ed65..c828f08  HEAD -> backup
To https://github.com/lifeosnico-bot/nico-workspace.git
   c828f08..3fae36c  HEAD -> backup
To https://github.com/lifeosnico-bot/nico-workspace.git
   3fae36c..8ff7e6a  HEAD -> backup
To https://github.com/lifeosnico-bot/nico-workspace.git
   8ff7e6a..c9ae45b  HEAD -> backup
To https://github.com/lifeosnico-bot/nico-workspace.git
   c9ae45b..b7e7ce7  HEAD -> backup
To https://github.com/lifeosnico-bot/nico-workspace.git
   b7e7ce7..54e4c20  HEAD -> backup
To https://github.com/lifeosnico-bot/nico-workspace.git
   54e4c20..2298f83  HEAD -> backup
To https://github.com/lifeosnico-bot/nico-workspace.git
   2298f83..a988465  HEAD -> backup
To https://github.com/lifeosnico-bot/nico-workspace.git
   a988465..c4f6eb2  HEAD -> backup
To https://github.com/lifeosnico-bot/nico-workspace.git
   c4f6eb2..4fb1ed2  HEAD -> backup
remote: Internal Server Error
fatal: unable to access 'https://github.com/lifeosnico-bot/nico-workspace.git/': The requested URL returned error: 500
To https://github.com/lifeosnico-bot/nico-workspace.git
   4fb1ed2..cdd42af  HEAD -> backup
To https://github.com/lifeosnico-bot/nico-workspace.git
   cdd42af..0309ea8  HEAD -> backup
To https://github.com/lifeosnico-bot/nico-workspace.git
   0309ea8..3e6a0d9  HEAD -> backup
To https://github.com/lifeosnico-bot/nico-workspace.git
   3e6a0d9..faac584  HEAD -> backup
To https://github.com/lifeosnico-bot/nico-workspace.git
   faac584..fd84f97  HEAD -> backup
To https://github.com/lifeosnico-bot/nico-workspace.git
   fd84f97..1140644  HEAD -> backup
To https://github.com/lifeosnico-bot/nico-workspace.git
   1140644..bca2565  HEAD -> backup
To https://github.com/lifeosnico-bot/nico-workspace.git
   bca2565..24851ce  HEAD -> backup
To https://github.com/lifeosnico-bot/nico-workspace.git
   24851ce..5915f85  HEAD -> backup
To https://github.com/lifeosnico-bot/nico-workspace.git
   5915f85..f6e05c8  HEAD -> backup
To https://github.com/lifeosnico-bot/nico-workspace.git
   f6e05c8..1c6989d  HEAD -> backup
To https://github.com/lifeosnico-bot/nico-workspace.git
   1c6989d..3504755  HEAD -> backup
To https://github.com/lifeosnico-bot/nico-workspace.git
   3504755..d690ea0  HEAD -> backup
To https://github.com/lifeosnico-bot/nico-workspace.git
   d690ea0..a8706e1  HEAD -> backup
To https://github.com/lifeosnico-bot/nico-workspace.git
   a8706e1..25dc796  HEAD -> backup
To https://github.com/lifeosnico-bot/nico-workspace.git
   25dc796..53f9335  HEAD -> backup
To https://github.com/lifeosnico-bot/nico-workspace.git
   53f9335..115f78f  HEAD -> backup
To https://github.com/lifeosnico-bot/nico-workspace.git
   115f78f..5d88fc4  HEAD -> backup
To https://github.com/lifeosnico-bot/nico-workspace.git
   5d88fc4..753a456  HEAD -> backup
To https://github.com/lifeosnico-bot/nico-workspace.git
   753a456..5c19c53  HEAD -> backup
To https://github.com/lifeosnico-bot/nico-workspace.git
   5c19c53..d74e777  HEAD -> backup
To https://github.com/lifeosnico-bot/nico-workspace.git
   d74e777..d11e6ae  HEAD -> backup
To https://github.com/lifeosnico-bot/nico-workspace.git
   d11e6ae..3ebebdb  HEAD -> backup
To https://github.com/lifeosnico-bot/nico-workspace.git
   3ebebdb..37ad3c4  HEAD -> backup
To https://github.com/lifeosnico-bot/nico-workspace.git
   37ad3c4..af01f54  HEAD -> backup
To https://github.com/lifeosnico-bot/nico-workspace.git
   af01f54..e4962b1  HEAD -> backup
To https://github.com/lifeosnico-bot/nico-workspace.git
   e4962b1..b037906  HEAD -> backup
To https://github.com/lifeosnico-bot/nico-workspace.git
   b037906..1eba3d0  HEAD -> backup
To https://github.com/lifeosnico-bot/nico-workspace.git
   1eba3d0..6fb3653  HEAD -> backup
To https://github.com/lifeosnico-bot/nico-workspace.git
   6fb3653..461f9f9  HEAD -> backup
To https://github.com/lifeosnico-bot/nico-workspace.git
   461f9f9..0ab8eb3  HEAD -> backup
To https://github.com/lifeosnico-bot/nico-workspace.git
   0ab8eb3..9ff384d  HEAD -> backup
To https://github.com/lifeosnico-bot/nico-workspace.git
   9ff384d..d539c16  HEAD -> backup
To https://github.com/lifeosnico-bot/nico-workspace.git
   d539c16..b557437  HEAD -> backup
To https://github.com/lifeosnico-bot/nico-workspace.git
   b557437..3c6662c  HEAD -> backup
To https://github.com/lifeosnico-bot/nico-workspace.git
   3c6662c..eab4e6e  HEAD -> backup
To https://github.com/lifeosnico-bot/nico-workspace.git
   eab4e6e..d0e5d69  HEAD -> backup
To https://github.com/lifeosnico-bot/nico-workspace.git
   d0e5d69..ef2ea23  HEAD -> backup
To https://github.com/lifeosnico-bot/nico-workspace.git
   ef2ea23..6b8bdcb  HEAD -> backup
To https://github.com/lifeosnico-bot/nico-workspace.git
   6b8bdcb..d5d61e3  HEAD -> backup
To https://github.com/lifeosnico-bot/nico-workspace.git
   d5d61e3..5367601  HEAD -> backup
To https://github.com/lifeosnico-bot/nico-workspace.git
   5367601..8abe213  HEAD -> backup
To https://github.com/lifeosnico-bot/nico-workspace.git
   8abe213..6213dd7  HEAD -> backup
To https://github.com/lifeosnico-bot/nico-workspace.git
   6213dd7..75e1e2d  HEAD -> backup
To https://github.com/lifeosnico-bot/nico-workspace.git
   75e1e2d..e06bd13  HEAD -> backup
To https://github.com/lifeosnico-bot/nico-workspace.git
   e06bd13..0320de7  HEAD -> backup
To https://github.com/lifeosnico-bot/nico-workspace.git
   0320de7..0b6ce7f  HEAD -> backup
To https://github.com/lifeosnico-bot/nico-workspace.git
   0b6ce7f..e01fb84  HEAD -> backup
To https://github.com/lifeosnico-bot/nico-workspace.git
   e01fb84..3d309cc  HEAD -> backup
To https://github.com/lifeosnico-bot/nico-workspace.git
   3d309cc..f37d02f  HEAD -> backup
To https://github.com/lifeosnico-bot/nico-workspace.git
   f37d02f..ee26056  HEAD -> backup
To https://github.com/lifeosnico-bot/nico-workspace.git
   ee26056..39d7d4d  HEAD -> backup
To https://github.com/lifeosnico-bot/nico-workspace.git
   39d7d4d..a3605a7  HEAD -> backup
To https://github.com/lifeosnico-bot/nico-workspace.git
   a3605a7..2dafb2e  HEAD -> backup
To https://github.com/lifeosnico-bot/nico-workspace.git
   2dafb2e..602b616  HEAD -> backup
To https://github.com/lifeosnico-bot/nico-workspace.git
   602b616..e6deb04  HEAD -> backup
To https://github.com/lifeosnico-bot/nico-workspace.git
   e6deb04..2445792  HEAD -> backup
To https://github.com/lifeosnico-bot/nico-workspace.git
   2445792..0e37f0f  HEAD -> backup
To https://github.com/lifeosnico-bot/nico-workspace.git
   0e37f0f..fa3404e  HEAD -> backup
To https://github.com/lifeosnico-bot/nico-workspace.git
   fa3404e..0032bce  HEAD -> backup
To https://github.com/lifeosnico-bot/nico-workspace.git
   0032bce..5790dcc  HEAD -> backup
To https://github.com/lifeosnico-bot/nico-workspace.git
   5790dcc..564be17  HEAD -> backup
To https://github.com/lifeosnico-bot/nico-workspace.git
   564be17..68ba18b  HEAD -> backup
To https://github.com/lifeosnico-bot/nico-workspace.git
   68ba18b..8bff0ec  HEAD -> backup
To https://github.com/lifeosnico-bot/nico-workspace.git
   8bff0ec..a8e3c77  HEAD -> backup
To https://github.com/lifeosnico-bot/nico-workspace.git
   a8e3c77..9d2888b  HEAD -> backup
To https://github.com/lifeosnico-bot/nico-workspace.git
   9d2888b..0f428b4  HEAD -> backup
To https://github.com/lifeosnico-bot/nico-workspace.git
   0f428b4..9d872a4  HEAD -> backup
To https://github.com/lifeosnico-bot/nico-workspace.git
   9d872a4..2099c9d  HEAD -> backup
To https://github.com/lifeosnico-bot/nico-workspace.git
   2099c9d..29c98f5  HEAD -> backup
To https://github.com/lifeosnico-bot/nico-workspace.git
   29c98f5..b1e23f3  HEAD -> backup
To https://github.com/lifeosnico-bot/nico-workspace.git
   b1e23f3..471db17  HEAD -> backup
To https://github.com/lifeosnico-bot/nico-workspace.git
   471db17..969e47b  HEAD -> backup
To https://github.com/lifeosnico-bot/nico-workspace.git
   969e47b..4ee2c52  HEAD -> backup
To https://github.com/lifeosnico-bot/nico-workspace.git
   4ee2c52..cbd4158  HEAD -> backup
To https://github.com/lifeosnico-bot/nico-workspace.git
   cbd4158..6566ebc  HEAD -> backup
To https://github.com/lifeosnico-bot/nico-workspace.git
   6566ebc..551fca8  HEAD -> backup
To https://github.com/lifeosnico-bot/nico-workspace.git
   551fca8..6c146da  HEAD -> backup
fatal: unable to access 'https://github.com/lifeosnico-bot/nico-workspace.git/': Could not resolve host: github.com
To https://github.com/lifeosnico-bot/nico-workspace.git
   6c146da..55a46e4  HEAD -> backup
To https://github.com/lifeosnico-bot/nico-workspace.git
   55a46e4..7e17fe8  HEAD -> backup
To https://github.com/lifeosnico-bot/nico-workspace.git
   7e17fe8..e8b4e23  HEAD -> backup
To https://github.com/lifeosnico-bot/nico-workspace.git
   e8b4e23..296916d  HEAD -> backup
To https://github.com/lifeosnico-bot/nico-workspace.git
   296916d..f02fa32  HEAD -> backup
To https://github.com/lifeosnico-bot/nico-workspace.git
   f02fa32..5facb4b  HEAD -> backup
To https://github.com/lifeosnico-bot/nico-workspace.git
   5facb4b..3c13282  HEAD -> backup
To https://github.com/lifeosnico-bot/nico-workspace.git
   3c13282..394c186  HEAD -> backup
To https://github.com/lifeosnico-bot/nico-workspace.git
   394c186..ee4ca10  HEAD -> backup
To https://github.com/lifeosnico-bot/nico-workspace.git
   ee4ca10..b0a5f76  HEAD -> backup
To https://github.com/lifeosnico-bot/nico-workspace.git
   b0a5f76..d55104c  HEAD -> backup
To https://github.com/lifeosnico-bot/nico-workspace.git
   d55104c..8c628b2  HEAD -> backup
To https://github.com/lifeosnico-bot/nico-workspace.git
   8c628b2..c87db5e  HEAD -> backup
To https://github.com/lifeosnico-bot/nico-workspace.git
   c87db5e..998914b  HEAD -> backup
To https://github.com/lifeosnico-bot/nico-workspace.git
   998914b..d17d296  HEAD -> backup
To https://github.com/lifeosnico-bot/nico-workspace.git
   d17d296..bf778a2  HEAD -> backup
To https://github.com/lifeosnico-bot/nico-workspace.git
   bf778a2..c66587c  HEAD -> backup
To https://github.com/lifeosnico-bot/nico-workspace.git
   c66587c..57d0e54  HEAD -> backup
To https://github.com/lifeosnico-bot/nico-workspace.git
   57d0e54..03094c6  HEAD -> backup
To https://github.com/lifeosnico-bot/nico-workspace.git
   03094c6..bd05c3b  HEAD -> backup
To https://github.com/lifeosnico-bot/nico-workspace.git
   bd05c3b..d5bb8b1  HEAD -> backup
To https://github.com/lifeosnico-bot/nico-workspace.git
   d5bb8b1..0fe0686  HEAD -> backup
To https://github.com/lifeosnico-bot/nico-workspace.git
   0fe0686..3ffb7b5  HEAD -> backup
To https://github.com/lifeosnico-bot/nico-workspace.git
   3ffb7b5..3887c93  HEAD -> backup
To https://github.com/lifeosnico-bot/nico-workspace.git
   3887c93..a553c40  HEAD -> backup
To https://github.com/lifeosnico-bot/nico-workspace.git
   a553c40..5456d87  HEAD -> backup
error: RPC failed; curl 56 Recv failure: Connection reset by peer
send-pack: unexpected disconnect while reading sideband packet
fatal: the remote end hung up unexpectedly
Everything up-to-date
To https://github.com/lifeosnico-bot/nico-workspace.git
   240810f..8ddb74e  HEAD -> backup
To https://github.com/lifeosnico-bot/nico-workspace.git
   8ddb74e..903e34a  HEAD -> backup
error: RPC failed; curl 56 Recv failure: Connection reset by peer
send-pack: unexpected disconnect while reading sideband packet
fatal: the remote end hung up unexpectedly
Everything up-to-date
To https://github.com/lifeosnico-bot/nico-workspace.git
   643babd..9f7b43b  HEAD -> backup
To https://github.com/lifeosnico-bot/nico-workspace.git
   9f7b43b..7104171  HEAD -> backup
To https://github.com/lifeosnico-bot/nico-workspace.git
   7104171..264160a  HEAD -> backup
To https://github.com/lifeosnico-bot/nico-workspace.git
   264160a..7942ea4  HEAD -> backup
To https://github.com/lifeosnico-bot/nico-workspace.git
   7942ea4..9529bbd  HEAD -> backup
To https://github.com/lifeosnico-bot/nico-workspace.git
   9529bbd..0137841  HEAD -> backup
To https://github.com/lifeosnico-bot/nico-workspace.git
   0137841..93c703f  HEAD -> backup
To https://github.com/lifeosnico-bot/nico-workspace.git
   93c703f..68b01a4  HEAD -> backup
To https://github.com/lifeosnico-bot/nico-workspace.git
   68b01a4..7b55581  HEAD -> backup
To https://github.com/lifeosnico-bot/nico-workspace.git
   7b55581..b135c6c  HEAD -> backup
To https://github.com/lifeosnico-bot/nico-workspace.git
   b135c6c..1001775  HEAD -> backup
To https://github.com/lifeosnico-bot/nico-workspace.git
   1001775..80a8d06  HEAD -> backup
To https://github.com/lifeosnico-bot/nico-workspace.git
   80a8d06..731a2ba  HEAD -> backup
To https://github.com/lifeosnico-bot/nico-workspace.git
   731a2ba..b52e0a0  HEAD -> backup
To https://github.com/lifeosnico-bot/nico-workspace.git
   b52e0a0..8634ba8  HEAD -> backup
To https://github.com/lifeosnico-bot/nico-workspace.git
   8634ba8..6bbdab9  HEAD -> backup
To https://github.com/lifeosnico-bot/nico-workspace.git
   6bbdab9..f57adaf  HEAD -> backup
To https://github.com/lifeosnico-bot/nico-workspace.git
   f57adaf..9bed6c9  HEAD -> backup
To https://github.com/lifeosnico-bot/nico-workspace.git
   9bed6c9..f1e028f  HEAD -> backup
To https://github.com/lifeosnico-bot/nico-workspace.git
   f1e028f..e24ba90  HEAD -> backup
To https://github.com/lifeosnico-bot/nico-workspace.git
   e24ba90..9f5611f  HEAD -> backup
To https://github.com/lifeosnico-bot/nico-workspace.git
   9f5611f..6464558  HEAD -> backup
To https://github.com/lifeosnico-bot/nico-workspace.git
   6464558..1ada279  HEAD -> backup
To https://github.com/lifeosnico-bot/nico-workspace.git
   1ada279..479deb1  HEAD -> backup
To https://github.com/lifeosnico-bot/nico-workspace.git
   479deb1..01434e8  HEAD -> backup
To https://github.com/lifeosnico-bot/nico-workspace.git
   01434e8..280f00a  HEAD -> backup
To https://github.com/lifeosnico-bot/nico-workspace.git
   280f00a..44f7f5c  HEAD -> backup
To https://github.com/lifeosnico-bot/nico-workspace.git
   44f7f5c..aec4775  HEAD -> backup
To https://github.com/lifeosnico-bot/nico-workspace.git
   aec4775..4c3890f  HEAD -> backup
To https://github.com/lifeosnico-bot/nico-workspace.git
   4c3890f..759b97a  HEAD -> backup
To https://github.com/lifeosnico-bot/nico-workspace.git
   759b97a..731ff31  HEAD -> backup
To https://github.com/lifeosnico-bot/nico-workspace.git
   731ff31..8ba1d79  HEAD -> backup
To https://github.com/lifeosnico-bot/nico-workspace.git
   8ba1d79..68b79dd  HEAD -> backup
To https://github.com/lifeosnico-bot/nico-workspace.git
   68b79dd..82c38e3  HEAD -> backup
To https://github.com/lifeosnico-bot/nico-workspace.git
   82c38e3..d65036b  HEAD -> backup
To https://github.com/lifeosnico-bot/nico-workspace.git
   d65036b..1b8ef3b  HEAD -> backup
To https://github.com/lifeosnico-bot/nico-workspace.git
   1b8ef3b..3e2f0b4  HEAD -> backup
To https://github.com/lifeosnico-bot/nico-workspace.git
   3e2f0b4..37efc9a  HEAD -> backup
To https://github.com/lifeosnico-bot/nico-workspace.git
   37efc9a..ccedbeb  HEAD -> backup
To https://github.com/lifeosnico-bot/nico-workspace.git
   ccedbeb..4b2bf1f  HEAD -> backup
To https://github.com/lifeosnico-bot/nico-workspace.git
   4b2bf1f..835e82e  HEAD -> backup
To https://github.com/lifeosnico-bot/nico-workspace.git
   835e82e..494916e  HEAD -> backup
To https://github.com/lifeosnico-bot/nico-workspace.git
   494916e..f0b421f  HEAD -> backup
To https://github.com/lifeosnico-bot/nico-workspace.git
   f0b421f..a1eb80e  HEAD -> backup
To https://github.com/lifeosnico-bot/nico-workspace.git
   a1eb80e..a66c182  HEAD -> backup
To https://github.com/lifeosnico-bot/nico-workspace.git
   a66c182..dad9fed  HEAD -> backup
To https://github.com/lifeosnico-bot/nico-workspace.git
   dad9fed..4dcebca  HEAD -> backup
To https://github.com/lifeosnico-bot/nico-workspace.git
   4dcebca..de05444  HEAD -> backup
To https://github.com/lifeosnico-bot/nico-workspace.git
   de05444..cfd2b4e  HEAD -> backup
To https://github.com/lifeosnico-bot/nico-workspace.git
   cfd2b4e..cc0392b  HEAD -> backup
To https://github.com/lifeosnico-bot/nico-workspace.git
   cc0392b..b5f1753  HEAD -> backup
To https://github.com/lifeosnico-bot/nico-workspace.git
   b5f1753..ace78fd  HEAD -> backup
To https://github.com/lifeosnico-bot/nico-workspace.git
   ace78fd..e163104  HEAD -> backup
To https://github.com/lifeosnico-bot/nico-workspace.git
   e163104..b1a8be0  HEAD -> backup
To https://github.com/lifeosnico-bot/nico-workspace.git
   b1a8be0..ee09a9c  HEAD -> backup
To https://github.com/lifeosnico-bot/nico-workspace.git
   ee09a9c..679175c  HEAD -> backup
To https://github.com/lifeosnico-bot/nico-workspace.git
   679175c..3264c00  HEAD -> backup
To https://github.com/lifeosnico-bot/nico-workspace.git
   3264c00..772a241  HEAD -> backup
To https://github.com/lifeosnico-bot/nico-workspace.git
   772a241..f01046f  HEAD -> backup
To https://github.com/lifeosnico-bot/nico-workspace.git
   f01046f..a30714f  HEAD -> backup
To https://github.com/lifeosnico-bot/nico-workspace.git
   a30714f..55fefd6  HEAD -> backup
To https://github.com/lifeosnico-bot/nico-workspace.git
   55fefd6..ea87c8f  HEAD -> backup
To https://github.com/lifeosnico-bot/nico-workspace.git
   ea87c8f..aa87312  HEAD -> backup
To https://github.com/lifeosnico-bot/nico-workspace.git
   aa87312..49ccf37  HEAD -> backup
To https://github.com/lifeosnico-bot/nico-workspace.git
   49ccf37..5f6d911  HEAD -> backup
To https://github.com/lifeosnico-bot/nico-workspace.git
   5f6d911..8295faa  HEAD -> backup
To https://github.com/lifeosnico-bot/nico-workspace.git
   8295faa..b577f02  HEAD -> backup
To https://github.com/lifeosnico-bot/nico-workspace.git
   b577f02..e32f550  HEAD -> backup
To https://github.com/lifeosnico-bot/nico-workspace.git
   e32f550..aa36df1  HEAD -> backup
To https://github.com/lifeosnico-bot/nico-workspace.git
   aa36df1..6cdf7a4  HEAD -> backup
To https://github.com/lifeosnico-bot/nico-workspace.git
   6cdf7a4..47ded05  HEAD -> backup
To https://github.com/lifeosnico-bot/nico-workspace.git
   47ded05..1313a66  HEAD -> backup
To https://github.com/lifeosnico-bot/nico-workspace.git
   1313a66..50549c1  HEAD -> backup
To https://github.com/lifeosnico-bot/nico-workspace.git
   50549c1..004e809  HEAD -> backup
To https://github.com/lifeosnico-bot/nico-workspace.git
   004e809..3e2cc44  HEAD -> backup
To https://github.com/lifeosnico-bot/nico-workspace.git
   3e2cc44..c15068a  HEAD -> backup
To https://github.com/lifeosnico-bot/nico-workspace.git
   c15068a..44b534b  HEAD -> backup
To https://github.com/lifeosnico-bot/nico-workspace.git
   44b534b..d6d9db8  HEAD -> backup
To https://github.com/lifeosnico-bot/nico-workspace.git
   d6d9db8..8a09ee4  HEAD -> backup
To https://github.com/lifeosnico-bot/nico-workspace.git
   8a09ee4..8a7f806  HEAD -> backup
To https://github.com/lifeosnico-bot/nico-workspace.git
   8a7f806..3257659  HEAD -> backup
To https://github.com/lifeosnico-bot/nico-workspace.git
   3257659..d3981c5  HEAD -> backup
To https://github.com/lifeosnico-bot/nico-workspace.git
   d3981c5..d1411f4  HEAD -> backup
To https://github.com/lifeosnico-bot/nico-workspace.git
   d1411f4..0ffe8e4  HEAD -> backup
To https://github.com/lifeosnico-bot/nico-workspace.git
   0ffe8e4..f201869  HEAD -> backup
To https://github.com/lifeosnico-bot/nico-workspace.git
   f201869..7021f7c  HEAD -> backup
To https://github.com/lifeosnico-bot/nico-workspace.git
   7021f7c..a2b63f3  HEAD -> backup
To https://github.com/lifeosnico-bot/nico-workspace.git
   a2b63f3..5144735  HEAD -> backup
To https://github.com/lifeosnico-bot/nico-workspace.git
   5144735..5e65737  HEAD -> backup
To https://github.com/lifeosnico-bot/nico-workspace.git
   5e65737..b80e602  HEAD -> backup
To https://github.com/lifeosnico-bot/nico-workspace.git
   b80e602..be1d016  HEAD -> backup
To https://github.com/lifeosnico-bot/nico-workspace.git
   be1d016..de6dd10  HEAD -> backup
To https://github.com/lifeosnico-bot/nico-workspace.git
   de6dd10..03bf704  HEAD -> backup
To https://github.com/lifeosnico-bot/nico-workspace.git
   03bf704..a364bf7  HEAD -> backup
To https://github.com/lifeosnico-bot/nico-workspace.git
   a364bf7..b99c166  HEAD -> backup
To https://github.com/lifeosnico-bot/nico-workspace.git
   b99c166..0717677  HEAD -> backup
To https://github.com/lifeosnico-bot/nico-workspace.git
   0717677..80bc84e  HEAD -> backup
To https://github.com/lifeosnico-bot/nico-workspace.git
   80bc84e..0b4fcb1  HEAD -> backup
To https://github.com/lifeosnico-bot/nico-workspace.git
   0b4fcb1..c5e4b4f  HEAD -> backup
To https://github.com/lifeosnico-bot/nico-workspace.git
   c5e4b4f..a59c552  HEAD -> backup
To https://github.com/lifeosnico-bot/nico-workspace.git
   a59c552..22fe89f  HEAD -> backup
To https://github.com/lifeosnico-bot/nico-workspace.git
   22fe89f..0ebf70e  HEAD -> backup
To https://github.com/lifeosnico-bot/nico-workspace.git
   0ebf70e..2cb04b2  HEAD -> backup
To https://github.com/lifeosnico-bot/nico-workspace.git
   2cb04b2..31a267c  HEAD -> backup
To https://github.com/lifeosnico-bot/nico-workspace.git
   31a267c..c8a1b94  HEAD -> backup
To https://github.com/lifeosnico-bot/nico-workspace.git
   c8a1b94..12831ab  HEAD -> backup
To https://github.com/lifeosnico-bot/nico-workspace.git
   12831ab..967365f  HEAD -> backup
To https://github.com/lifeosnico-bot/nico-workspace.git
   967365f..d601d9d  HEAD -> backup
To https://github.com/lifeosnico-bot/nico-workspace.git
   d601d9d..9187abe  HEAD -> backup
To https://github.com/lifeosnico-bot/nico-workspace.git
   9187abe..1c11bb4  HEAD -> backup
To https://github.com/lifeosnico-bot/nico-workspace.git
   1c11bb4..93a0861  HEAD -> backup
To https://github.com/lifeosnico-bot/nico-workspace.git
   93a0861..33eb98d  HEAD -> backup
To https://github.com/lifeosnico-bot/nico-workspace.git
   33eb98d..9641575  HEAD -> backup
To https://github.com/lifeosnico-bot/nico-workspace.git
   9641575..b03cd88  HEAD -> backup
To https://github.com/lifeosnico-bot/nico-workspace.git
   b03cd88..690ad26  HEAD -> backup
To https://github.com/lifeosnico-bot/nico-workspace.git
   690ad26..60c9a4b  HEAD -> backup
To https://github.com/lifeosnico-bot/nico-workspace.git
   60c9a4b..6efc4af  HEAD -> backup
To https://github.com/lifeosnico-bot/nico-workspace.git
   6efc4af..c5fc1a9  HEAD -> backup
To https://github.com/lifeosnico-bot/nico-workspace.git
   c5fc1a9..4296179  HEAD -> backup
To https://github.com/lifeosnico-bot/nico-workspace.git
   4296179..1019256  HEAD -> backup
To https://github.com/lifeosnico-bot/nico-workspace.git
   1019256..4a0fa27  HEAD -> backup
To https://github.com/lifeosnico-bot/nico-workspace.git
   4a0fa27..14eea40  HEAD -> backup
To https://github.com/lifeosnico-bot/nico-workspace.git
   14eea40..9df57bb  HEAD -> backup
To https://github.com/lifeosnico-bot/nico-workspace.git
   9df57bb..d0f13b1  HEAD -> backup
To https://github.com/lifeosnico-bot/nico-workspace.git
   d0f13b1..b83be79  HEAD -> backup
To https://github.com/lifeosnico-bot/nico-workspace.git
   b83be79..f5656c0  HEAD -> backup
To https://github.com/lifeosnico-bot/nico-workspace.git
   f5656c0..a52ddf9  HEAD -> backup
To https://github.com/lifeosnico-bot/nico-workspace.git
   a52ddf9..c873f91  HEAD -> backup
To https://github.com/lifeosnico-bot/nico-workspace.git
   c873f91..d2e2138  HEAD -> backup
To https://github.com/lifeosnico-bot/nico-workspace.git
   d2e2138..a61840e  HEAD -> backup
To https://github.com/lifeosnico-bot/nico-workspace.git
   a61840e..8ca17b4  HEAD -> backup
To https://github.com/lifeosnico-bot/nico-workspace.git
   8ca17b4..2a8479e  HEAD -> backup
To https://github.com/lifeosnico-bot/nico-workspace.git
   2a8479e..9819dde  HEAD -> backup
To https://github.com/lifeosnico-bot/nico-workspace.git
   9819dde..cbabde4  HEAD -> backup
To https://github.com/lifeosnico-bot/nico-workspace.git
   cbabde4..46e0c6a  HEAD -> backup
To https://github.com/lifeosnico-bot/nico-workspace.git
   46e0c6a..9055b39  HEAD -> backup
To https://github.com/lifeosnico-bot/nico-workspace.git
   9055b39..2f7d7f6  HEAD -> backup
To https://github.com/lifeosnico-bot/nico-workspace.git
   2f7d7f6..b89074b  HEAD -> backup
To https://github.com/lifeosnico-bot/nico-workspace.git
   b89074b..acd1267  HEAD -> backup
To https://github.com/lifeosnico-bot/nico-workspace.git
   acd1267..a60cb32  HEAD -> backup
To https://github.com/lifeosnico-bot/nico-workspace.git
   a60cb32..722a7db  HEAD -> backup
To https://github.com/lifeosnico-bot/nico-workspace.git
   722a7db..82d2a17  HEAD -> backup
To https://github.com/lifeosnico-bot/nico-workspace.git
   82d2a17..b301b45  HEAD -> backup
To https://github.com/lifeosnico-bot/nico-workspace.git
   b301b45..49f46bd  HEAD -> backup
To https://github.com/lifeosnico-bot/nico-workspace.git
   49f46bd..cb716bc  HEAD -> backup
To https://github.com/lifeosnico-bot/nico-workspace.git
   cb716bc..6ecba05  HEAD -> backup
To https://github.com/lifeosnico-bot/nico-workspace.git
   6ecba05..26a8801  HEAD -> backup
To https://github.com/lifeosnico-bot/nico-workspace.git
   26a8801..0c6d62f  HEAD -> backup
To https://github.com/lifeosnico-bot/nico-workspace.git
   0c6d62f..c0101f8  HEAD -> backup
To https://github.com/lifeosnico-bot/nico-workspace.git
   c0101f8..a4857be  HEAD -> backup
To https://github.com/lifeosnico-bot/nico-workspace.git
   a4857be..742c9ba  HEAD -> backup
To https://github.com/lifeosnico-bot/nico-workspace.git
   742c9ba..4da3d6c  HEAD -> backup
To https://github.com/lifeosnico-bot/nico-workspace.git
   4da3d6c..75aba2e  HEAD -> backup
To https://github.com/lifeosnico-bot/nico-workspace.git
   75aba2e..b168df6  HEAD -> backup
To https://github.com/lifeosnico-bot/nico-workspace.git
   b168df6..076e2fd  HEAD -> backup
To https://github.com/lifeosnico-bot/nico-workspace.git
   076e2fd..65cee24  HEAD -> backup
To https://github.com/lifeosnico-bot/nico-workspace.git
   65cee24..7f35e14  HEAD -> backup
To https://github.com/lifeosnico-bot/nico-workspace.git
   7f35e14..8e7a431  HEAD -> backup
To https://github.com/lifeosnico-bot/nico-workspace.git
   8e7a431..9f905cc  HEAD -> backup
To https://github.com/lifeosnico-bot/nico-workspace.git
   9f905cc..f73f446  HEAD -> backup
To https://github.com/lifeosnico-bot/nico-workspace.git
   f73f446..dc33dd1  HEAD -> backup
To https://github.com/lifeosnico-bot/nico-workspace.git
   dc33dd1..92c3ba3  HEAD -> backup
To https://github.com/lifeosnico-bot/nico-workspace.git
   92c3ba3..5d3f8ce  HEAD -> backup
To https://github.com/lifeosnico-bot/nico-workspace.git
   5d3f8ce..6d1eb41  HEAD -> backup
To https://github.com/lifeosnico-bot/nico-workspace.git
   6d1eb41..1eabc26  HEAD -> backup
To https://github.com/lifeosnico-bot/nico-workspace.git
   1eabc26..185eb78  HEAD -> backup
To https://github.com/lifeosnico-bot/nico-workspace.git
   185eb78..e9af13a  HEAD -> backup
To https://github.com/lifeosnico-bot/nico-workspace.git
   e9af13a..a7a0c35  HEAD -> backup
To https://github.com/lifeosnico-bot/nico-workspace.git
   a7a0c35..8baec02  HEAD -> backup
To https://github.com/lifeosnico-bot/nico-workspace.git
   8baec02..bdcbe67  HEAD -> backup
To https://github.com/lifeosnico-bot/nico-workspace.git
   bdcbe67..40eb24d  HEAD -> backup
To https://github.com/lifeosnico-bot/nico-workspace.git
   40eb24d..3d26732  HEAD -> backup
To https://github.com/lifeosnico-bot/nico-workspace.git
   3d26732..d7f4dcd  HEAD -> backup
To https://github.com/lifeosnico-bot/nico-workspace.git
   d7f4dcd..7bbd47e  HEAD -> backup
To https://github.com/lifeosnico-bot/nico-workspace.git
   7bbd47e..a7c8b81  HEAD -> backup
To https://github.com/lifeosnico-bot/nico-workspace.git
   a7c8b81..c24fa32  HEAD -> backup
To https://github.com/lifeosnico-bot/nico-workspace.git
   c24fa32..f7930a5  HEAD -> backup
To https://github.com/lifeosnico-bot/nico-workspace.git
   f7930a5..350d3a3  HEAD -> backup
To https://github.com/lifeosnico-bot/nico-workspace.git
   350d3a3..29ce9da  HEAD -> backup
To https://github.com/lifeosnico-bot/nico-workspace.git
   29ce9da..25486d5  HEAD -> backup
To https://github.com/lifeosnico-bot/nico-workspace.git
   25486d5..5936596  HEAD -> backup
To https://github.com/lifeosnico-bot/nico-workspace.git
   5936596..738464f  HEAD -> backup
To https://github.com/lifeosnico-bot/nico-workspace.git
   738464f..ea6a8cd  HEAD -> backup
To https://github.com/lifeosnico-bot/nico-workspace.git
   ea6a8cd..9784d2a  HEAD -> backup
To https://github.com/lifeosnico-bot/nico-workspace.git
   9784d2a..2d4c451  HEAD -> backup
To https://github.com/lifeosnico-bot/nico-workspace.git
   2d4c451..6a72465  HEAD -> backup
To https://github.com/lifeosnico-bot/nico-workspace.git
   6a72465..64b848f  HEAD -> backup
To https://github.com/lifeosnico-bot/nico-workspace.git
   64b848f..0a9bfcc  HEAD -> backup
To https://github.com/lifeosnico-bot/nico-workspace.git
   0a9bfcc..1e0c703  HEAD -> backup
To https://github.com/lifeosnico-bot/nico-workspace.git
   1e0c703..ac75956  HEAD -> backup
To https://github.com/lifeosnico-bot/nico-workspace.git
   ac75956..156d688  HEAD -> backup
To https://github.com/lifeosnico-bot/nico-workspace.git
   156d688..4674576  HEAD -> backup
To https://github.com/lifeosnico-bot/nico-workspace.git
   4674576..e38bb38  HEAD -> backup
To https://github.com/lifeosnico-bot/nico-workspace.git
   e38bb38..2a505d0  HEAD -> backup
To https://github.com/lifeosnico-bot/nico-workspace.git
   2a505d0..5367e8a  HEAD -> backup
To https://github.com/lifeosnico-bot/nico-workspace.git
   5367e8a..a57b23c  HEAD -> backup
To https://github.com/lifeosnico-bot/nico-workspace.git
   a57b23c..cb4ad10  HEAD -> backup
To https://github.com/lifeosnico-bot/nico-workspace.git
   cb4ad10..dbcd496  HEAD -> backup
To https://github.com/lifeosnico-bot/nico-workspace.git
   dbcd496..3fff8d1  HEAD -> backup
To https://github.com/lifeosnico-bot/nico-workspace.git
   3fff8d1..240b83d  HEAD -> backup
To https://github.com/lifeosnico-bot/nico-workspace.git
   240b83d..41aa30c  HEAD -> backup
To https://github.com/lifeosnico-bot/nico-workspace.git
   41aa30c..10bef61  HEAD -> backup
To https://github.com/lifeosnico-bot/nico-workspace.git
   10bef61..5c48ebd  HEAD -> backup
To https://github.com/lifeosnico-bot/nico-workspace.git
   5c48ebd..1b64282  HEAD -> backup
To https://github.com/lifeosnico-bot/nico-workspace.git
   1b64282..f541fc6  HEAD -> backup
To https://github.com/lifeosnico-bot/nico-workspace.git
   f541fc6..a5dcc73  HEAD -> backup
To https://github.com/lifeosnico-bot/nico-workspace.git
   a5dcc73..ee841e6  HEAD -> backup
To https://github.com/lifeosnico-bot/nico-workspace.git
   ee841e6..62adfd0  HEAD -> backup
To https://github.com/lifeosnico-bot/nico-workspace.git
   62adfd0..efc848a  HEAD -> backup
To https://github.com/lifeosnico-bot/nico-workspace.git
   efc848a..6b0bbb4  HEAD -> backup
To https://github.com/lifeosnico-bot/nico-workspace.git
   6b0bbb4..8cdddaa  HEAD -> backup
To https://github.com/lifeosnico-bot/nico-workspace.git
   8cdddaa..9929d44  HEAD -> backup
To https://github.com/lifeosnico-bot/nico-workspace.git
   9929d44..85e589e  HEAD -> backup
To https://github.com/lifeosnico-bot/nico-workspace.git
   85e589e..d06c833  HEAD -> backup
To https://github.com/lifeosnico-bot/nico-workspace.git
   d06c833..cf03e1c  HEAD -> backup
To https://github.com/lifeosnico-bot/nico-workspace.git
   cf03e1c..a5c27a0  HEAD -> backup
To https://github.com/lifeosnico-bot/nico-workspace.git
   a5c27a0..e257ce8  HEAD -> backup
To https://github.com/lifeosnico-bot/nico-workspace.git
   e257ce8..0ba620d  HEAD -> backup
To https://github.com/lifeosnico-bot/nico-workspace.git
   0ba620d..2f80253  HEAD -> backup
To https://github.com/lifeosnico-bot/nico-workspace.git
   2f80253..370d015  HEAD -> backup
To https://github.com/lifeosnico-bot/nico-workspace.git
   370d015..c8ce1ec  HEAD -> backup
To https://github.com/lifeosnico-bot/nico-workspace.git
   c8ce1ec..fa0109f  HEAD -> backup
To https://github.com/lifeosnico-bot/nico-workspace.git
   fa0109f..b053863  HEAD -> backup
To https://github.com/lifeosnico-bot/nico-workspace.git
   b053863..b71604b  HEAD -> backup
To https://github.com/lifeosnico-bot/nico-workspace.git
   b71604b..c7ace14  HEAD -> backup
To https://github.com/lifeosnico-bot/nico-workspace.git
   c7ace14..069bd1a  HEAD -> backup
To https://github.com/lifeosnico-bot/nico-workspace.git
   069bd1a..415d951  HEAD -> backup
To https://github.com/lifeosnico-bot/nico-workspace.git
   415d951..3ea8936  HEAD -> backup
To https://github.com/lifeosnico-bot/nico-workspace.git
   3ea8936..ea73812  HEAD -> backup
To https://github.com/lifeosnico-bot/nico-workspace.git
   ea73812..3bdf6fa  HEAD -> backup
To https://github.com/lifeosnico-bot/nico-workspace.git
   3bdf6fa..bc277a1  HEAD -> backup
To https://github.com/lifeosnico-bot/nico-workspace.git
   bc277a1..3588828  HEAD -> backup
To https://github.com/lifeosnico-bot/nico-workspace.git
   3588828..be7fecc  HEAD -> backup
To https://github.com/lifeosnico-bot/nico-workspace.git
   be7fecc..57a47a6  HEAD -> backup
To https://github.com/lifeosnico-bot/nico-workspace.git
   57a47a6..e2617ad  HEAD -> backup
To https://github.com/lifeosnico-bot/nico-workspace.git
   e2617ad..a0a1705  HEAD -> backup
To https://github.com/lifeosnico-bot/nico-workspace.git
   a0a1705..216102d  HEAD -> backup
To https://github.com/lifeosnico-bot/nico-workspace.git
   216102d..b56b900  HEAD -> backup
To https://github.com/lifeosnico-bot/nico-workspace.git
   b56b900..8c647fc  HEAD -> backup
To https://github.com/lifeosnico-bot/nico-workspace.git
   8c647fc..8fd49e3  HEAD -> backup
To https://github.com/lifeosnico-bot/nico-workspace.git
   8fd49e3..9bdade1  HEAD -> backup
To https://github.com/lifeosnico-bot/nico-workspace.git
   9bdade1..66c5f72  HEAD -> backup
To https://github.com/lifeosnico-bot/nico-workspace.git
   66c5f72..618a004  HEAD -> backup
To https://github.com/lifeosnico-bot/nico-workspace.git
   618a004..184e417  HEAD -> backup
To https://github.com/lifeosnico-bot/nico-workspace.git
   184e417..14a3949  HEAD -> backup
To https://github.com/lifeosnico-bot/nico-workspace.git
   14a3949..45e1873  HEAD -> backup
To https://github.com/lifeosnico-bot/nico-workspace.git
   45e1873..11bdee7  HEAD -> backup
To https://github.com/lifeosnico-bot/nico-workspace.git
   11bdee7..131d671  HEAD -> backup
To https://github.com/lifeosnico-bot/nico-workspace.git
   131d671..718d77f  HEAD -> backup
To https://github.com/lifeosnico-bot/nico-workspace.git
   718d77f..350d7db  HEAD -> backup
To https://github.com/lifeosnico-bot/nico-workspace.git
   350d7db..1c8d243  HEAD -> backup
To https://github.com/lifeosnico-bot/nico-workspace.git
   1c8d243..597b862  HEAD -> backup
To https://github.com/lifeosnico-bot/nico-workspace.git
   597b862..8d83dfa  HEAD -> backup
To https://github.com/lifeosnico-bot/nico-workspace.git
   8d83dfa..b093e87  HEAD -> backup
To https://github.com/lifeosnico-bot/nico-workspace.git
   b093e87..e2bb858  HEAD -> backup
To https://github.com/lifeosnico-bot/nico-workspace.git
   e2bb858..e88be0a  HEAD -> backup
To https://github.com/lifeosnico-bot/nico-workspace.git
   e88be0a..53fa70c  HEAD -> backup
To https://github.com/lifeosnico-bot/nico-workspace.git
   53fa70c..c59c3f6  HEAD -> backup
To https://github.com/lifeosnico-bot/nico-workspace.git
   c59c3f6..2856d0c  HEAD -> backup
To https://github.com/lifeosnico-bot/nico-workspace.git
   2856d0c..49171ab  HEAD -> backup
To https://github.com/lifeosnico-bot/nico-workspace.git
   49171ab..53f8b1e  HEAD -> backup
To https://github.com/lifeosnico-bot/nico-workspace.git
   53f8b1e..d2036a8  HEAD -> backup
To https://github.com/lifeosnico-bot/nico-workspace.git
   d2036a8..99bbd4d  HEAD -> backup
To https://github.com/lifeosnico-bot/nico-workspace.git
   99bbd4d..6b5a382  HEAD -> backup
To https://github.com/lifeosnico-bot/nico-workspace.git
   6b5a382..d4ae548  HEAD -> backup
To https://github.com/lifeosnico-bot/nico-workspace.git
   d4ae548..67cee90  HEAD -> backup
To https://github.com/lifeosnico-bot/nico-workspace.git
   67cee90..61caa09  HEAD -> backup
To https://github.com/lifeosnico-bot/nico-workspace.git
   61caa09..0f12272  HEAD -> backup
To https://github.com/lifeosnico-bot/nico-workspace.git
   0f12272..f72ad73  HEAD -> backup
To https://github.com/lifeosnico-bot/nico-workspace.git
   f72ad73..2f03c23  HEAD -> backup
To https://github.com/lifeosnico-bot/nico-workspace.git
   2f03c23..85d6e8a  HEAD -> backup
To https://github.com/lifeosnico-bot/nico-workspace.git
   85d6e8a..28b5972  HEAD -> backup
To https://github.com/lifeosnico-bot/nico-workspace.git
   28b5972..527c740  HEAD -> backup
To https://github.com/lifeosnico-bot/nico-workspace.git
   527c740..86fa7f8  HEAD -> backup
To https://github.com/lifeosnico-bot/nico-workspace.git
   86fa7f8..b8d7888  HEAD -> backup
To https://github.com/lifeosnico-bot/nico-workspace.git
   b8d7888..396efac  HEAD -> backup
To https://github.com/lifeosnico-bot/nico-workspace.git
   396efac..812ce44  HEAD -> backup
To https://github.com/lifeosnico-bot/nico-workspace.git
   812ce44..e8487a5  HEAD -> backup
To https://github.com/lifeosnico-bot/nico-workspace.git
   e8487a5..59dc619  HEAD -> backup
To https://github.com/lifeosnico-bot/nico-workspace.git
   59dc619..e3d0635  HEAD -> backup
To https://github.com/lifeosnico-bot/nico-workspace.git
   e3d0635..bb0aa58  HEAD -> backup
To https://github.com/lifeosnico-bot/nico-workspace.git
   bb0aa58..7796a05  HEAD -> backup
To https://github.com/lifeosnico-bot/nico-workspace.git
   7796a05..1f1ff07  HEAD -> backup
To https://github.com/lifeosnico-bot/nico-workspace.git
   1f1ff07..f84a839  HEAD -> backup
To https://github.com/lifeosnico-bot/nico-workspace.git
   f84a839..f44e4d4  HEAD -> backup
To https://github.com/lifeosnico-bot/nico-workspace.git
   f44e4d4..95765d7  HEAD -> backup
To https://github.com/lifeosnico-bot/nico-workspace.git
   95765d7..c4378d8  HEAD -> backup
To https://github.com/lifeosnico-bot/nico-workspace.git
   c4378d8..3f8781d  HEAD -> backup
To https://github.com/lifeosnico-bot/nico-workspace.git
   3f8781d..513d2f0  HEAD -> backup
To https://github.com/lifeosnico-bot/nico-workspace.git
   513d2f0..b5e45ca  HEAD -> backup
To https://github.com/lifeosnico-bot/nico-workspace.git
   b5e45ca..b0a2eae  HEAD -> backup
To https://github.com/lifeosnico-bot/nico-workspace.git
   b0a2eae..4806c28  HEAD -> backup
To https://github.com/lifeosnico-bot/nico-workspace.git
   4806c28..37ca37d  HEAD -> backup
To https://github.com/lifeosnico-bot/nico-workspace.git
   37ca37d..fa7d997  HEAD -> backup
To https://github.com/lifeosnico-bot/nico-workspace.git
   fa7d997..6eb0421  HEAD -> backup
To https://github.com/lifeosnico-bot/nico-workspace.git
   6eb0421..143ceeb  HEAD -> backup
To https://github.com/lifeosnico-bot/nico-workspace.git
   143ceeb..478868c  HEAD -> backup
To https://github.com/lifeosnico-bot/nico-workspace.git
   478868c..0eb8069  HEAD -> backup
To https://github.com/lifeosnico-bot/nico-workspace.git
   0eb8069..afcfddc  HEAD -> backup
To https://github.com/lifeosnico-bot/nico-workspace.git
   afcfddc..8d9b3d8  HEAD -> backup
To https://github.com/lifeosnico-bot/nico-workspace.git
   8d9b3d8..42bf321  HEAD -> backup
To https://github.com/lifeosnico-bot/nico-workspace.git
   42bf321..aa580b7  HEAD -> backup
To https://github.com/lifeosnico-bot/nico-workspace.git
   aa580b7..95d5202  HEAD -> backup
To https://github.com/lifeosnico-bot/nico-workspace.git
   95d5202..760deed  HEAD -> backup
To https://github.com/lifeosnico-bot/nico-workspace.git
   760deed..6c1fbb4  HEAD -> backup
To https://github.com/lifeosnico-bot/nico-workspace.git
   6c1fbb4..b93be7b  HEAD -> backup
To https://github.com/lifeosnico-bot/nico-workspace.git
   b93be7b..d8df687  HEAD -> backup
To https://github.com/lifeosnico-bot/nico-workspace.git
   d8df687..b033c4e  HEAD -> backup
To https://github.com/lifeosnico-bot/nico-workspace.git
   b033c4e..48474f3  HEAD -> backup
To https://github.com/lifeosnico-bot/nico-workspace.git
   48474f3..1e0afc6  HEAD -> backup
To https://github.com/lifeosnico-bot/nico-workspace.git
   1e0afc6..0cdac79  HEAD -> backup
To https://github.com/lifeosnico-bot/nico-workspace.git
   0cdac79..d1a5d3d  HEAD -> backup
To https://github.com/lifeosnico-bot/nico-workspace.git
   d1a5d3d..c9c6c45  HEAD -> backup
To https://github.com/lifeosnico-bot/nico-workspace.git
   c9c6c45..32824cc  HEAD -> backup
To https://github.com/lifeosnico-bot/nico-workspace.git
   32824cc..719d879  HEAD -> backup
To https://github.com/lifeosnico-bot/nico-workspace.git
   719d879..8e00b82  HEAD -> backup
To https://github.com/lifeosnico-bot/nico-workspace.git
   8e00b82..fb40dd9  HEAD -> backup
To https://github.com/lifeosnico-bot/nico-workspace.git
   fb40dd9..28fabb7  HEAD -> backup
To https://github.com/lifeosnico-bot/nico-workspace.git
   28fabb7..3da5cad  HEAD -> backup
To https://github.com/lifeosnico-bot/nico-workspace.git
   3da5cad..2bb8974  HEAD -> backup
To https://github.com/lifeosnico-bot/nico-workspace.git
   2bb8974..6269af1  HEAD -> backup
To https://github.com/lifeosnico-bot/nico-workspace.git
   6269af1..1766dd4  HEAD -> backup
To https://github.com/lifeosnico-bot/nico-workspace.git
   1766dd4..18166a0  HEAD -> backup
To https://github.com/lifeosnico-bot/nico-workspace.git
   18166a0..6ebb9e6  HEAD -> backup
To https://github.com/lifeosnico-bot/nico-workspace.git
   6ebb9e6..aae4b0c  HEAD -> backup
To https://github.com/lifeosnico-bot/nico-workspace.git
   aae4b0c..c05eaf8  HEAD -> backup
To https://github.com/lifeosnico-bot/nico-workspace.git
   c05eaf8..83e4696  HEAD -> backup
To https://github.com/lifeosnico-bot/nico-workspace.git
   83e4696..6717231  HEAD -> backup
To https://github.com/lifeosnico-bot/nico-workspace.git
   6717231..0bfeac6  HEAD -> backup
To https://github.com/lifeosnico-bot/nico-workspace.git
   0bfeac6..b9f7056  HEAD -> backup
To https://github.com/lifeosnico-bot/nico-workspace.git
   b9f7056..4d7873b  HEAD -> backup
To https://github.com/lifeosnico-bot/nico-workspace.git
   4d7873b..345da74  HEAD -> backup
To https://github.com/lifeosnico-bot/nico-workspace.git
   345da74..77178f2  HEAD -> backup
To https://github.com/lifeosnico-bot/nico-workspace.git
   77178f2..6502d55  HEAD -> backup
To https://github.com/lifeosnico-bot/nico-workspace.git
   6502d55..44034e8  HEAD -> backup
To https://github.com/lifeosnico-bot/nico-workspace.git
   44034e8..a6ec5d8  HEAD -> backup
To https://github.com/lifeosnico-bot/nico-workspace.git
   a6ec5d8..2b5a938  HEAD -> backup
To https://github.com/lifeosnico-bot/nico-workspace.git
   2b5a938..daa7e4b  HEAD -> backup
To https://github.com/lifeosnico-bot/nico-workspace.git
   daa7e4b..578a214  HEAD -> backup
To https://github.com/lifeosnico-bot/nico-workspace.git
   578a214..e453f81  HEAD -> backup
To https://github.com/lifeosnico-bot/nico-workspace.git
   e453f81..0c0397e  HEAD -> backup
To https://github.com/lifeosnico-bot/nico-workspace.git
   0c0397e..2b3c4f6  HEAD -> backup
To https://github.com/lifeosnico-bot/nico-workspace.git
   2b3c4f6..34fd77f  HEAD -> backup
To https://github.com/lifeosnico-bot/nico-workspace.git
   34fd77f..e851394  HEAD -> backup
To https://github.com/lifeosnico-bot/nico-workspace.git
   e851394..e59be12  HEAD -> backup
To https://github.com/lifeosnico-bot/nico-workspace.git
   e59be12..16e8618  HEAD -> backup
To https://github.com/lifeosnico-bot/nico-workspace.git
   16e8618..45cb497  HEAD -> backup
To https://github.com/lifeosnico-bot/nico-workspace.git
   45cb497..2eb1b43  HEAD -> backup
To https://github.com/lifeosnico-bot/nico-workspace.git
   2eb1b43..9974e7e  HEAD -> backup
To https://github.com/lifeosnico-bot/nico-workspace.git
   9974e7e..0ca3d93  HEAD -> backup
To https://github.com/lifeosnico-bot/nico-workspace.git
   0ca3d93..a26722f  HEAD -> backup
To https://github.com/lifeosnico-bot/nico-workspace.git
   a26722f..a6577c3  HEAD -> backup
To https://github.com/lifeosnico-bot/nico-workspace.git
   a6577c3..c1dc412  HEAD -> backup
To https://github.com/lifeosnico-bot/nico-workspace.git
   c1dc412..81fd0f7  HEAD -> backup
To https://github.com/lifeosnico-bot/nico-workspace.git
   81fd0f7..b749a57  HEAD -> backup
To https://github.com/lifeosnico-bot/nico-workspace.git
   b749a57..1ef8a19  HEAD -> backup
To https://github.com/lifeosnico-bot/nico-workspace.git
   1ef8a19..f98a10c  HEAD -> backup
To https://github.com/lifeosnico-bot/nico-workspace.git
   f98a10c..0dd0283  HEAD -> backup
To https://github.com/lifeosnico-bot/nico-workspace.git
   0dd0283..7e5be55  HEAD -> backup
To https://github.com/lifeosnico-bot/nico-workspace.git
   7e5be55..fff2f6f  HEAD -> backup
To https://github.com/lifeosnico-bot/nico-workspace.git
   fff2f6f..c4e3b50  HEAD -> backup
To https://github.com/lifeosnico-bot/nico-workspace.git
   c4e3b50..62ef030  HEAD -> backup
To https://github.com/lifeosnico-bot/nico-workspace.git
   62ef030..8c4f8af  HEAD -> backup
To https://github.com/lifeosnico-bot/nico-workspace.git
   8c4f8af..928b519  HEAD -> backup
To https://github.com/lifeosnico-bot/nico-workspace.git
   928b519..6011c9a  HEAD -> backup
To https://github.com/lifeosnico-bot/nico-workspace.git
   6011c9a..2f674f7  HEAD -> backup
To https://github.com/lifeosnico-bot/nico-workspace.git
   2f674f7..6c247df  HEAD -> backup
To https://github.com/lifeosnico-bot/nico-workspace.git
   6c247df..0fa988a  HEAD -> backup
To https://github.com/lifeosnico-bot/nico-workspace.git
   0fa988a..df0ab17  HEAD -> backup
To https://github.com/lifeosnico-bot/nico-workspace.git
   df0ab17..936a120  HEAD -> backup
To https://github.com/lifeosnico-bot/nico-workspace.git
   936a120..dd6fda6  HEAD -> backup
To https://github.com/lifeosnico-bot/nico-workspace.git
   dd6fda6..0ad1c45  HEAD -> backup
To https://github.com/lifeosnico-bot/nico-workspace.git
   0ad1c45..bbe57a9  HEAD -> backup
To https://github.com/lifeosnico-bot/nico-workspace.git
   bbe57a9..51f82f1  HEAD -> backup
To https://github.com/lifeosnico-bot/nico-workspace.git
   51f82f1..6487970  HEAD -> backup
To https://github.com/lifeosnico-bot/nico-workspace.git
   6487970..7ac192b  HEAD -> backup
To https://github.com/lifeosnico-bot/nico-workspace.git
   7ac192b..fcfee42  HEAD -> backup
To https://github.com/lifeosnico-bot/nico-workspace.git
   fcfee42..77afd7a  HEAD -> backup
To https://github.com/lifeosnico-bot/nico-workspace.git
   77afd7a..9916f34  HEAD -> backup
To https://github.com/lifeosnico-bot/nico-workspace.git
   9916f34..9f42456  HEAD -> backup
To https://github.com/lifeosnico-bot/nico-workspace.git
   9f42456..9a8a0fa  HEAD -> backup
To https://github.com/lifeosnico-bot/nico-workspace.git
   9a8a0fa..ffef746  HEAD -> backup
To https://github.com/lifeosnico-bot/nico-workspace.git
   ffef746..7157a00  HEAD -> backup
To https://github.com/lifeosnico-bot/nico-workspace.git
   7157a00..fef20e3  HEAD -> backup
To https://github.com/lifeosnico-bot/nico-workspace.git
   fef20e3..bfda42e  HEAD -> backup
To https://github.com/lifeosnico-bot/nico-workspace.git
   bfda42e..ed1504a  HEAD -> backup
To https://github.com/lifeosnico-bot/nico-workspace.git
   ed1504a..a699fce  HEAD -> backup
To https://github.com/lifeosnico-bot/nico-workspace.git
   a699fce..1e4ab7d  HEAD -> backup
To https://github.com/lifeosnico-bot/nico-workspace.git
   1e4ab7d..54afded  HEAD -> backup
To https://github.com/lifeosnico-bot/nico-workspace.git
   54afded..a621612  HEAD -> backup
To https://github.com/lifeosnico-bot/nico-workspace.git
   a621612..0620047  HEAD -> backup
To https://github.com/lifeosnico-bot/nico-workspace.git
   0620047..00d6ebe  HEAD -> backup
To https://github.com/lifeosnico-bot/nico-workspace.git
   00d6ebe..1788110  HEAD -> backup
To https://github.com/lifeosnico-bot/nico-workspace.git
   1788110..f34b077  HEAD -> backup
To https://github.com/lifeosnico-bot/nico-workspace.git
   f34b077..85a167d  HEAD -> backup
To https://github.com/lifeosnico-bot/nico-workspace.git
   85a167d..7f40f00  HEAD -> backup
To https://github.com/lifeosnico-bot/nico-workspace.git
   7f40f00..f90d850  HEAD -> backup
To https://github.com/lifeosnico-bot/nico-workspace.git
   f90d850..da9ac04  HEAD -> backup
To https://github.com/lifeosnico-bot/nico-workspace.git
   da9ac04..f9987c3  HEAD -> backup
To https://github.com/lifeosnico-bot/nico-workspace.git
   f9987c3..6d3fa51  HEAD -> backup
To https://github.com/lifeosnico-bot/nico-workspace.git
   6d3fa51..71037f0  HEAD -> backup
To https://github.com/lifeosnico-bot/nico-workspace.git
   71037f0..6e58502  HEAD -> backup
To https://github.com/lifeosnico-bot/nico-workspace.git
   6e58502..82132a0  HEAD -> backup
To https://github.com/lifeosnico-bot/nico-workspace.git
   82132a0..2503757  HEAD -> backup
To https://github.com/lifeosnico-bot/nico-workspace.git
   2503757..481340d  HEAD -> backup
To https://github.com/lifeosnico-bot/nico-workspace.git
   481340d..c3a94e6  HEAD -> backup
To https://github.com/lifeosnico-bot/nico-workspace.git
   c3a94e6..1189331  HEAD -> backup
To https://github.com/lifeosnico-bot/nico-workspace.git
   1189331..433a4f4  HEAD -> backup
To https://github.com/lifeosnico-bot/nico-workspace.git
   433a4f4..e9b3b0d  HEAD -> backup
To https://github.com/lifeosnico-bot/nico-workspace.git
   e9b3b0d..df87545  HEAD -> backup
To https://github.com/lifeosnico-bot/nico-workspace.git
   df87545..82648f8  HEAD -> backup
To https://github.com/lifeosnico-bot/nico-workspace.git
   82648f8..95e87cf  HEAD -> backup
To https://github.com/lifeosnico-bot/nico-workspace.git
   95e87cf..a762ea6  HEAD -> backup
To https://github.com/lifeosnico-bot/nico-workspace.git
   a762ea6..bf184da  HEAD -> backup
To https://github.com/lifeosnico-bot/nico-workspace.git
   bf184da..57e8477  HEAD -> backup
To https://github.com/lifeosnico-bot/nico-workspace.git
   57e8477..394aa89  HEAD -> backup
To https://github.com/lifeosnico-bot/nico-workspace.git
   394aa89..5a1cb55  HEAD -> backup
To https://github.com/lifeosnico-bot/nico-workspace.git
   5a1cb55..56bd992  HEAD -> backup
To https://github.com/lifeosnico-bot/nico-workspace.git
   56bd992..929efb0  HEAD -> backup
To https://github.com/lifeosnico-bot/nico-workspace.git
   929efb0..e9ed6bb  HEAD -> backup
To https://github.com/lifeosnico-bot/nico-workspace.git
   e9ed6bb..b128b8b  HEAD -> backup
To https://github.com/lifeosnico-bot/nico-workspace.git
   b128b8b..c87ca42  HEAD -> backup
To https://github.com/lifeosnico-bot/nico-workspace.git
   c87ca42..3da4934  HEAD -> backup
To https://github.com/lifeosnico-bot/nico-workspace.git
   3da4934..f8c2d8a  HEAD -> backup
fatal: unable to access 'https://github.com/lifeosnico-bot/nico-workspace.git/': Could not resolve host: github.com
To https://github.com/lifeosnico-bot/nico-workspace.git
   f8c2d8a..808dd67  HEAD -> backup
To https://github.com/lifeosnico-bot/nico-workspace.git
   808dd67..d15ef87  HEAD -> backup
To https://github.com/lifeosnico-bot/nico-workspace.git
   d15ef87..f5946d7  HEAD -> backup
To https://github.com/lifeosnico-bot/nico-workspace.git
   f5946d7..308044c  HEAD -> backup
To https://github.com/lifeosnico-bot/nico-workspace.git
   308044c..f9710f8  HEAD -> backup
To https://github.com/lifeosnico-bot/nico-workspace.git
   f9710f8..2c4000c  HEAD -> backup
To https://github.com/lifeosnico-bot/nico-workspace.git
   2c4000c..57cd757  HEAD -> backup
To https://github.com/lifeosnico-bot/nico-workspace.git
   57cd757..625be3d  HEAD -> backup
To https://github.com/lifeosnico-bot/nico-workspace.git
   625be3d..540005d  HEAD -> backup
To https://github.com/lifeosnico-bot/nico-workspace.git
   540005d..00b85b4  HEAD -> backup
To https://github.com/lifeosnico-bot/nico-workspace.git
   00b85b4..5626e5f  HEAD -> backup
To https://github.com/lifeosnico-bot/nico-workspace.git
   5626e5f..03fcfba  HEAD -> backup
To https://github.com/lifeosnico-bot/nico-workspace.git
   03fcfba..c8332de  HEAD -> backup
To https://github.com/lifeosnico-bot/nico-workspace.git
   c8332de..e007455  HEAD -> backup
To https://github.com/lifeosnico-bot/nico-workspace.git
   e007455..ccd962b  HEAD -> backup
To https://github.com/lifeosnico-bot/nico-workspace.git
   ccd962b..575d4cd  HEAD -> backup
To https://github.com/lifeosnico-bot/nico-workspace.git
   575d4cd..11fe6ff  HEAD -> backup
To https://github.com/lifeosnico-bot/nico-workspace.git
   11fe6ff..abfdd62  HEAD -> backup
To https://github.com/lifeosnico-bot/nico-workspace.git
   abfdd62..4aa3a42  HEAD -> backup
To https://github.com/lifeosnico-bot/nico-workspace.git
   4aa3a42..048a933  HEAD -> backup
To https://github.com/lifeosnico-bot/nico-workspace.git
   048a933..2e06d09  HEAD -> backup
To https://github.com/lifeosnico-bot/nico-workspace.git
   2e06d09..be66af5  HEAD -> backup
To https://github.com/lifeosnico-bot/nico-workspace.git
   be66af5..e567492  HEAD -> backup
To https://github.com/lifeosnico-bot/nico-workspace.git
   e567492..9e1aa29  HEAD -> backup
To https://github.com/lifeosnico-bot/nico-workspace.git
   9e1aa29..96ec452  HEAD -> backup
To https://github.com/lifeosnico-bot/nico-workspace.git
   96ec452..b8fc519  HEAD -> backup
To https://github.com/lifeosnico-bot/nico-workspace.git
   b8fc519..0702adb  HEAD -> backup
To https://github.com/lifeosnico-bot/nico-workspace.git
   0702adb..c560ada  HEAD -> backup
To https://github.com/lifeosnico-bot/nico-workspace.git
   c560ada..73a4f4e  HEAD -> backup
To https://github.com/lifeosnico-bot/nico-workspace.git
   73a4f4e..891438d  HEAD -> backup
To https://github.com/lifeosnico-bot/nico-workspace.git
   891438d..e37dd75  HEAD -> backup
To https://github.com/lifeosnico-bot/nico-workspace.git
   e37dd75..100a2f6  HEAD -> backup
To https://github.com/lifeosnico-bot/nico-workspace.git
   100a2f6..15b005f  HEAD -> backup
To https://github.com/lifeosnico-bot/nico-workspace.git
   15b005f..97fd73c  HEAD -> backup
To https://github.com/lifeosnico-bot/nico-workspace.git
   97fd73c..722433e  HEAD -> backup
To https://github.com/lifeosnico-bot/nico-workspace.git
   722433e..7a7a512  HEAD -> backup
To https://github.com/lifeosnico-bot/nico-workspace.git
   7a7a512..64212e0  HEAD -> backup
To https://github.com/lifeosnico-bot/nico-workspace.git
   64212e0..55584b4  HEAD -> backup
To https://github.com/lifeosnico-bot/nico-workspace.git
   55584b4..79576bb  HEAD -> backup
To https://github.com/lifeosnico-bot/nico-workspace.git
   79576bb..f225ade  HEAD -> backup
To https://github.com/lifeosnico-bot/nico-workspace.git
   f225ade..3af8cd9  HEAD -> backup
To https://github.com/lifeosnico-bot/nico-workspace.git
   3af8cd9..be401b5  HEAD -> backup
To https://github.com/lifeosnico-bot/nico-workspace.git
   be401b5..1d415e7  HEAD -> backup
To https://github.com/lifeosnico-bot/nico-workspace.git
   1d415e7..06a45eb  HEAD -> backup
To https://github.com/lifeosnico-bot/nico-workspace.git
   06a45eb..6da52ce  HEAD -> backup
To https://github.com/lifeosnico-bot/nico-workspace.git
   6da52ce..97312eb  HEAD -> backup
To https://github.com/lifeosnico-bot/nico-workspace.git
   97312eb..55538ce  HEAD -> backup
To https://github.com/lifeosnico-bot/nico-workspace.git
   55538ce..6122ed5  HEAD -> backup
To https://github.com/lifeosnico-bot/nico-workspace.git
   6122ed5..48b69b1  HEAD -> backup
To https://github.com/lifeosnico-bot/nico-workspace.git
   48b69b1..892ade1  HEAD -> backup
To https://github.com/lifeosnico-bot/nico-workspace.git
   892ade1..160ba28  HEAD -> backup
To https://github.com/lifeosnico-bot/nico-workspace.git
   160ba28..3c1c742  HEAD -> backup
To https://github.com/lifeosnico-bot/nico-workspace.git
   3c1c742..ef15529  HEAD -> backup
To https://github.com/lifeosnico-bot/nico-workspace.git
   ef15529..cb9f06f  HEAD -> backup
To https://github.com/lifeosnico-bot/nico-workspace.git
   cb9f06f..bb3bf1c  HEAD -> backup
To https://github.com/lifeosnico-bot/nico-workspace.git
   bb3bf1c..5ca26a2  HEAD -> backup
To https://github.com/lifeosnico-bot/nico-workspace.git
   5ca26a2..db020f3  HEAD -> backup
To https://github.com/lifeosnico-bot/nico-workspace.git
   db020f3..6691f5e  HEAD -> backup
To https://github.com/lifeosnico-bot/nico-workspace.git
   6691f5e..463ff55  HEAD -> backup
To https://github.com/lifeosnico-bot/nico-workspace.git
   463ff55..b0faf45  HEAD -> backup
To https://github.com/lifeosnico-bot/nico-workspace.git
   b0faf45..adfb73b  HEAD -> backup
To https://github.com/lifeosnico-bot/nico-workspace.git
   adfb73b..78b8b95  HEAD -> backup
To https://github.com/lifeosnico-bot/nico-workspace.git
   78b8b95..7a2a38b  HEAD -> backup
To https://github.com/lifeosnico-bot/nico-workspace.git
   7a2a38b..2a49c54  HEAD -> backup
To https://github.com/lifeosnico-bot/nico-workspace.git
   2a49c54..c9c5881  HEAD -> backup
To https://github.com/lifeosnico-bot/nico-workspace.git
   c9c5881..fc0c451  HEAD -> backup
To https://github.com/lifeosnico-bot/nico-workspace.git
   fc0c451..6c5be4e  HEAD -> backup
To https://github.com/lifeosnico-bot/nico-workspace.git
   6c5be4e..876e72a  HEAD -> backup
To https://github.com/lifeosnico-bot/nico-workspace.git
   876e72a..efeb072  HEAD -> backup
To https://github.com/lifeosnico-bot/nico-workspace.git
   efeb072..d0ff8e8  HEAD -> backup
To https://github.com/lifeosnico-bot/nico-workspace.git
   d0ff8e8..73a00ec  HEAD -> backup
To https://github.com/lifeosnico-bot/nico-workspace.git
   73a00ec..6970ade  HEAD -> backup
To https://github.com/lifeosnico-bot/nico-workspace.git
   6970ade..10dfe61  HEAD -> backup
To https://github.com/lifeosnico-bot/nico-workspace.git
   10dfe61..d73cfe1  HEAD -> backup
To https://github.com/lifeosnico-bot/nico-workspace.git
   d73cfe1..ce3120e  HEAD -> backup
To https://github.com/lifeosnico-bot/nico-workspace.git
   ce3120e..e2ac06a  HEAD -> backup
To https://github.com/lifeosnico-bot/nico-workspace.git
   e2ac06a..a2b21e1  HEAD -> backup
To https://github.com/lifeosnico-bot/nico-workspace.git
   a2b21e1..118f177  HEAD -> backup
To https://github.com/lifeosnico-bot/nico-workspace.git
   118f177..b4099a5  HEAD -> backup
To https://github.com/lifeosnico-bot/nico-workspace.git
   b4099a5..b2234bb  HEAD -> backup
To https://github.com/lifeosnico-bot/nico-workspace.git
   b2234bb..ee7b813  HEAD -> backup
To https://github.com/lifeosnico-bot/nico-workspace.git
   ee7b813..a254a51  HEAD -> backup
To https://github.com/lifeosnico-bot/nico-workspace.git
   a254a51..bbe3179  HEAD -> backup
To https://github.com/lifeosnico-bot/nico-workspace.git
   bbe3179..545ee30  HEAD -> backup
To https://github.com/lifeosnico-bot/nico-workspace.git
   545ee30..9d75ff2  HEAD -> backup
To https://github.com/lifeosnico-bot/nico-workspace.git
   9d75ff2..00e8246  HEAD -> backup
To https://github.com/lifeosnico-bot/nico-workspace.git
   00e8246..05efd5a  HEAD -> backup
To https://github.com/lifeosnico-bot/nico-workspace.git
   05efd5a..2fe9b1c  HEAD -> backup
To https://github.com/lifeosnico-bot/nico-workspace.git
   2fe9b1c..3fe8e29  HEAD -> backup
To https://github.com/lifeosnico-bot/nico-workspace.git
   3fe8e29..1521024  HEAD -> backup
To https://github.com/lifeosnico-bot/nico-workspace.git
   1521024..75b34a9  HEAD -> backup
To https://github.com/lifeosnico-bot/nico-workspace.git
   75b34a9..b870c2d  HEAD -> backup
To https://github.com/lifeosnico-bot/nico-workspace.git
   b870c2d..9af8dc4  HEAD -> backup
To https://github.com/lifeosnico-bot/nico-workspace.git
   9af8dc4..5f20ade  HEAD -> backup
To https://github.com/lifeosnico-bot/nico-workspace.git
   5f20ade..ddfcb13  HEAD -> backup
To https://github.com/lifeosnico-bot/nico-workspace.git
   ddfcb13..7059b3b  HEAD -> backup
To https://github.com/lifeosnico-bot/nico-workspace.git
   7059b3b..31357e3  HEAD -> backup
To https://github.com/lifeosnico-bot/nico-workspace.git
   31357e3..7a3be34  HEAD -> backup
To https://github.com/lifeosnico-bot/nico-workspace.git
   7a3be34..92de526  HEAD -> backup
To https://github.com/lifeosnico-bot/nico-workspace.git
   92de526..a6a352d  HEAD -> backup
To https://github.com/lifeosnico-bot/nico-workspace.git
   a6a352d..042885a  HEAD -> backup
To https://github.com/lifeosnico-bot/nico-workspace.git
   042885a..bd32b2a  HEAD -> backup
To https://github.com/lifeosnico-bot/nico-workspace.git
   bd32b2a..ff57216  HEAD -> backup
To https://github.com/lifeosnico-bot/nico-workspace.git
   ff57216..fc6f06f  HEAD -> backup
To https://github.com/lifeosnico-bot/nico-workspace.git
   fc6f06f..fc4930b  HEAD -> backup
To https://github.com/lifeosnico-bot/nico-workspace.git
   fc4930b..8db0f39  HEAD -> backup
To https://github.com/lifeosnico-bot/nico-workspace.git
   8db0f39..fc8e83b  HEAD -> backup
To https://github.com/lifeosnico-bot/nico-workspace.git
   fc8e83b..88cfed9  HEAD -> backup
To https://github.com/lifeosnico-bot/nico-workspace.git
   88cfed9..c1d39df  HEAD -> backup
To https://github.com/lifeosnico-bot/nico-workspace.git
   c1d39df..aa68b99  HEAD -> backup
To https://github.com/lifeosnico-bot/nico-workspace.git
   aa68b99..a5f736e  HEAD -> backup
To https://github.com/lifeosnico-bot/nico-workspace.git
   a5f736e..0dcf684  HEAD -> backup
To https://github.com/lifeosnico-bot/nico-workspace.git
   0dcf684..6835876  HEAD -> backup
To https://github.com/lifeosnico-bot/nico-workspace.git
   6835876..a576b1c  HEAD -> backup
To https://github.com/lifeosnico-bot/nico-workspace.git
   a576b1c..46fac78  HEAD -> backup
To https://github.com/lifeosnico-bot/nico-workspace.git
   46fac78..8f4c3d6  HEAD -> backup
To https://github.com/lifeosnico-bot/nico-workspace.git
   8f4c3d6..5c27724  HEAD -> backup
To https://github.com/lifeosnico-bot/nico-workspace.git
   5c27724..a9b5840  HEAD -> backup
To https://github.com/lifeosnico-bot/nico-workspace.git
   a9b5840..6407890  HEAD -> backup
To https://github.com/lifeosnico-bot/nico-workspace.git
   6407890..7e6ece0  HEAD -> backup
To https://github.com/lifeosnico-bot/nico-workspace.git
   7e6ece0..13851c5  HEAD -> backup
To https://github.com/lifeosnico-bot/nico-workspace.git
   13851c5..4db4b92  HEAD -> backup
To https://github.com/lifeosnico-bot/nico-workspace.git
   4db4b92..3a666ae  HEAD -> backup
To https://github.com/lifeosnico-bot/nico-workspace.git
   3a666ae..4ba0b1d  HEAD -> backup
To https://github.com/lifeosnico-bot/nico-workspace.git
   4ba0b1d..0c0a041  HEAD -> backup
To https://github.com/lifeosnico-bot/nico-workspace.git
   0c0a041..3022ccd  HEAD -> backup
To https://github.com/lifeosnico-bot/nico-workspace.git
   3022ccd..b9b2f86  HEAD -> backup
To https://github.com/lifeosnico-bot/nico-workspace.git
   b9b2f86..70f604d  HEAD -> backup
To https://github.com/lifeosnico-bot/nico-workspace.git
   70f604d..2aa3a1c  HEAD -> backup
To https://github.com/lifeosnico-bot/nico-workspace.git
   2aa3a1c..e75a4ad  HEAD -> backup
To https://github.com/lifeosnico-bot/nico-workspace.git
   e75a4ad..3e2260b  HEAD -> backup
To https://github.com/lifeosnico-bot/nico-workspace.git
   3e2260b..09b4d67  HEAD -> backup
To https://github.com/lifeosnico-bot/nico-workspace.git
   09b4d67..715dcbd  HEAD -> backup
To https://github.com/lifeosnico-bot/nico-workspace.git
   715dcbd..8c09702  HEAD -> backup
To https://github.com/lifeosnico-bot/nico-workspace.git
   8c09702..e84cace  HEAD -> backup
To https://github.com/lifeosnico-bot/nico-workspace.git
   e84cace..bca360b  HEAD -> backup
To https://github.com/lifeosnico-bot/nico-workspace.git
   bca360b..d3c8336  HEAD -> backup
To https://github.com/lifeosnico-bot/nico-workspace.git
   d3c8336..5d2a4c4  HEAD -> backup
To https://github.com/lifeosnico-bot/nico-workspace.git
   5d2a4c4..20714c9  HEAD -> backup
To https://github.com/lifeosnico-bot/nico-workspace.git
   20714c9..37a6c8b  HEAD -> backup
To https://github.com/lifeosnico-bot/nico-workspace.git
   37a6c8b..421768f  HEAD -> backup
To https://github.com/lifeosnico-bot/nico-workspace.git
   421768f..3afcfbb  HEAD -> backup
To https://github.com/lifeosnico-bot/nico-workspace.git
   3afcfbb..28291a3  HEAD -> backup
To https://github.com/lifeosnico-bot/nico-workspace.git
   28291a3..3d3fc2f  HEAD -> backup
To https://github.com/lifeosnico-bot/nico-workspace.git
   3d3fc2f..06b8928  HEAD -> backup
To https://github.com/lifeosnico-bot/nico-workspace.git
   06b8928..91d81d9  HEAD -> backup
To https://github.com/lifeosnico-bot/nico-workspace.git
   91d81d9..500926a  HEAD -> backup
To https://github.com/lifeosnico-bot/nico-workspace.git
   500926a..571eada  HEAD -> backup
To https://github.com/lifeosnico-bot/nico-workspace.git
   571eada..522aec6  HEAD -> backup
To https://github.com/lifeosnico-bot/nico-workspace.git
   522aec6..957846d  HEAD -> backup
To https://github.com/lifeosnico-bot/nico-workspace.git
   957846d..6f239e6  HEAD -> backup
To https://github.com/lifeosnico-bot/nico-workspace.git
   6f239e6..e6a67cd  HEAD -> backup
To https://github.com/lifeosnico-bot/nico-workspace.git
   e6a67cd..ec4637b  HEAD -> backup
To https://github.com/lifeosnico-bot/nico-workspace.git
   ec4637b..ef88c39  HEAD -> backup
To https://github.com/lifeosnico-bot/nico-workspace.git
   ef88c39..be81f73  HEAD -> backup
To https://github.com/lifeosnico-bot/nico-workspace.git
   be81f73..fc18d1d  HEAD -> backup
To https://github.com/lifeosnico-bot/nico-workspace.git
   fc18d1d..dc57b26  HEAD -> backup
To https://github.com/lifeosnico-bot/nico-workspace.git
   dc57b26..efdcacd  HEAD -> backup
To https://github.com/lifeosnico-bot/nico-workspace.git
   efdcacd..0c1278f  HEAD -> backup
To https://github.com/lifeosnico-bot/nico-workspace.git
   0c1278f..be24d48  HEAD -> backup
To https://github.com/lifeosnico-bot/nico-workspace.git
   be24d48..96feadd  HEAD -> backup
To https://github.com/lifeosnico-bot/nico-workspace.git
   96feadd..9837d25  HEAD -> backup
To https://github.com/lifeosnico-bot/nico-workspace.git
   9837d25..3b38c2b  HEAD -> backup
To https://github.com/lifeosnico-bot/nico-workspace.git
   3b38c2b..1f656f2  HEAD -> backup
To https://github.com/lifeosnico-bot/nico-workspace.git
   1f656f2..d91a281  HEAD -> backup
To https://github.com/lifeosnico-bot/nico-workspace.git
   d91a281..2fdc743  HEAD -> backup
To https://github.com/lifeosnico-bot/nico-workspace.git
   2fdc743..09f1541  HEAD -> backup
To https://github.com/lifeosnico-bot/nico-workspace.git
   09f1541..83cc6e8  HEAD -> backup
To https://github.com/lifeosnico-bot/nico-workspace.git
   83cc6e8..a5eff26  HEAD -> backup
To https://github.com/lifeosnico-bot/nico-workspace.git
   a5eff26..8517f6c  HEAD -> backup
To https://github.com/lifeosnico-bot/nico-workspace.git
   8517f6c..c15c0a8  HEAD -> backup
To https://github.com/lifeosnico-bot/nico-workspace.git
   c15c0a8..1dcc007  HEAD -> backup
To https://github.com/lifeosnico-bot/nico-workspace.git
   1dcc007..b4d46e1  HEAD -> backup
To https://github.com/lifeosnico-bot/nico-workspace.git
   b4d46e1..684813e  HEAD -> backup
To https://github.com/lifeosnico-bot/nico-workspace.git
   684813e..93d123c  HEAD -> backup
To https://github.com/lifeosnico-bot/nico-workspace.git
   93d123c..310fc73  HEAD -> backup
To https://github.com/lifeosnico-bot/nico-workspace.git
   310fc73..3ed097d  HEAD -> backup
To https://github.com/lifeosnico-bot/nico-workspace.git
   3ed097d..b59769f  HEAD -> backup
To https://github.com/lifeosnico-bot/nico-workspace.git
   b59769f..7ed9565  HEAD -> backup
To https://github.com/lifeosnico-bot/nico-workspace.git
   7ed9565..f16b9af  HEAD -> backup
To https://github.com/lifeosnico-bot/nico-workspace.git
   f16b9af..bf7b03d  HEAD -> backup
To https://github.com/lifeosnico-bot/nico-workspace.git
   bf7b03d..7433f3e  HEAD -> backup
To https://github.com/lifeosnico-bot/nico-workspace.git
   7433f3e..1a19fa1  HEAD -> backup
To https://github.com/lifeosnico-bot/nico-workspace.git
   1a19fa1..0d95f3d  HEAD -> backup
To https://github.com/lifeosnico-bot/nico-workspace.git
   0d95f3d..5a278cc  HEAD -> backup
To https://github.com/lifeosnico-bot/nico-workspace.git
   5a278cc..d1f5188  HEAD -> backup
To https://github.com/lifeosnico-bot/nico-workspace.git
   d1f5188..88749fc  HEAD -> backup
To https://github.com/lifeosnico-bot/nico-workspace.git
   88749fc..0593063  HEAD -> backup
To https://github.com/lifeosnico-bot/nico-workspace.git
   0593063..79e0b38  HEAD -> backup
To https://github.com/lifeosnico-bot/nico-workspace.git
   79e0b38..ffdba25  HEAD -> backup
To https://github.com/lifeosnico-bot/nico-workspace.git
   ffdba25..15a36c8  HEAD -> backup
To https://github.com/lifeosnico-bot/nico-workspace.git
   15a36c8..5e7867f  HEAD -> backup
To https://github.com/lifeosnico-bot/nico-workspace.git
   5e7867f..467ea02  HEAD -> backup
To https://github.com/lifeosnico-bot/nico-workspace.git
   467ea02..89c13e6  HEAD -> backup
To https://github.com/lifeosnico-bot/nico-workspace.git
   89c13e6..478187a  HEAD -> backup
To https://github.com/lifeosnico-bot/nico-workspace.git
   478187a..23c6536  HEAD -> backup
To https://github.com/lifeosnico-bot/nico-workspace.git
   23c6536..cadd556  HEAD -> backup
To https://github.com/lifeosnico-bot/nico-workspace.git
   cadd556..ff2c141  HEAD -> backup
To https://github.com/lifeosnico-bot/nico-workspace.git
   ff2c141..9060845  HEAD -> backup
To https://github.com/lifeosnico-bot/nico-workspace.git
   9060845..de919e0  HEAD -> backup
To https://github.com/lifeosnico-bot/nico-workspace.git
   de919e0..63ad8c2  HEAD -> backup
To https://github.com/lifeosnico-bot/nico-workspace.git
   63ad8c2..4e97b0c  HEAD -> backup
To https://github.com/lifeosnico-bot/nico-workspace.git
   4e97b0c..9a6f4dc  HEAD -> backup
To https://github.com/lifeosnico-bot/nico-workspace.git
   9a6f4dc..d3da62a  HEAD -> backup
To https://github.com/lifeosnico-bot/nico-workspace.git
   d3da62a..d2f6f72  HEAD -> backup
To https://github.com/lifeosnico-bot/nico-workspace.git
   d2f6f72..d563216  HEAD -> backup
To https://github.com/lifeosnico-bot/nico-workspace.git
   d563216..29f3644  HEAD -> backup
To https://github.com/lifeosnico-bot/nico-workspace.git
   29f3644..37e833a  HEAD -> backup
To https://github.com/lifeosnico-bot/nico-workspace.git
   37e833a..45800d3  HEAD -> backup
To https://github.com/lifeosnico-bot/nico-workspace.git
   45800d3..c3332e2  HEAD -> backup
To https://github.com/lifeosnico-bot/nico-workspace.git
   c3332e2..6049075  HEAD -> backup
To https://github.com/lifeosnico-bot/nico-workspace.git
   6049075..0dd8c92  HEAD -> backup
To https://github.com/lifeosnico-bot/nico-workspace.git
   0dd8c92..66ee861  HEAD -> backup
To https://github.com/lifeosnico-bot/nico-workspace.git
   66ee861..c228c89  HEAD -> backup
To https://github.com/lifeosnico-bot/nico-workspace.git
   c228c89..4450c57  HEAD -> backup
To https://github.com/lifeosnico-bot/nico-workspace.git
   4450c57..0a09a43  HEAD -> backup
To https://github.com/lifeosnico-bot/nico-workspace.git
   0a09a43..f0f4415  HEAD -> backup
To https://github.com/lifeosnico-bot/nico-workspace.git
   f0f4415..704089c  HEAD -> backup
To https://github.com/lifeosnico-bot/nico-workspace.git
   704089c..5a1f64c  HEAD -> backup
To https://github.com/lifeosnico-bot/nico-workspace.git
   5a1f64c..af3a13d  HEAD -> backup
To https://github.com/lifeosnico-bot/nico-workspace.git
   af3a13d..2f0e4f8  HEAD -> backup
To https://github.com/lifeosnico-bot/nico-workspace.git
   2f0e4f8..bc505af  HEAD -> backup
To https://github.com/lifeosnico-bot/nico-workspace.git
   bc505af..06a36d3  HEAD -> backup
To https://github.com/lifeosnico-bot/nico-workspace.git
   06a36d3..0980ca1  HEAD -> backup
To https://github.com/lifeosnico-bot/nico-workspace.git
   0980ca1..e09e85f  HEAD -> backup
To https://github.com/lifeosnico-bot/nico-workspace.git
   e09e85f..3ef5511  HEAD -> backup
To https://github.com/lifeosnico-bot/nico-workspace.git
   3ef5511..042e931  HEAD -> backup
To https://github.com/lifeosnico-bot/nico-workspace.git
   042e931..406aa8e  HEAD -> backup
To https://github.com/lifeosnico-bot/nico-workspace.git
   406aa8e..1aced02  HEAD -> backup
To https://github.com/lifeosnico-bot/nico-workspace.git
   1aced02..7361e14  HEAD -> backup
To https://github.com/lifeosnico-bot/nico-workspace.git
   7361e14..4322b7a  HEAD -> backup
To https://github.com/lifeosnico-bot/nico-workspace.git
   4322b7a..7a4c9fe  HEAD -> backup
To https://github.com/lifeosnico-bot/nico-workspace.git
   7a4c9fe..d356e4f  HEAD -> backup
To https://github.com/lifeosnico-bot/nico-workspace.git
   d356e4f..88684ee  HEAD -> backup
To https://github.com/lifeosnico-bot/nico-workspace.git
   88684ee..b4f1553  HEAD -> backup
To https://github.com/lifeosnico-bot/nico-workspace.git
   b4f1553..7723707  HEAD -> backup
To https://github.com/lifeosnico-bot/nico-workspace.git
   7723707..61ee4fc  HEAD -> backup
To https://github.com/lifeosnico-bot/nico-workspace.git
   61ee4fc..26ddbfa  HEAD -> backup
To https://github.com/lifeosnico-bot/nico-workspace.git
   26ddbfa..30b495b  HEAD -> backup
To https://github.com/lifeosnico-bot/nico-workspace.git
   30b495b..87a3d15  HEAD -> backup
To https://github.com/lifeosnico-bot/nico-workspace.git
   87a3d15..2a1d2c8  HEAD -> backup
To https://github.com/lifeosnico-bot/nico-workspace.git
   2a1d2c8..2fcdeec  HEAD -> backup
To https://github.com/lifeosnico-bot/nico-workspace.git
   2fcdeec..d529784  HEAD -> backup
To https://github.com/lifeosnico-bot/nico-workspace.git
   d529784..5683eb4  HEAD -> backup
To https://github.com/lifeosnico-bot/nico-workspace.git
   5683eb4..4cd8b57  HEAD -> backup
To https://github.com/lifeosnico-bot/nico-workspace.git
   4cd8b57..b636355  HEAD -> backup
To https://github.com/lifeosnico-bot/nico-workspace.git
   b636355..dca7863  HEAD -> backup
To https://github.com/lifeosnico-bot/nico-workspace.git
   dca7863..bf5881c  HEAD -> backup
To https://github.com/lifeosnico-bot/nico-workspace.git
   bf5881c..655bdad  HEAD -> backup
To https://github.com/lifeosnico-bot/nico-workspace.git
   655bdad..3924466  HEAD -> backup
To https://github.com/lifeosnico-bot/nico-workspace.git
   3924466..bcdca38  HEAD -> backup
To https://github.com/lifeosnico-bot/nico-workspace.git
   bcdca38..cf3b530  HEAD -> backup
To https://github.com/lifeosnico-bot/nico-workspace.git
   cf3b530..0e5c37f  HEAD -> backup
To https://github.com/lifeosnico-bot/nico-workspace.git
   0e5c37f..b49c7b6  HEAD -> backup
To https://github.com/lifeosnico-bot/nico-workspace.git
   b49c7b6..d6d4ccb  HEAD -> backup
To https://github.com/lifeosnico-bot/nico-workspace.git
   d6d4ccb..78ab4a9  HEAD -> backup
To https://github.com/lifeosnico-bot/nico-workspace.git
   78ab4a9..60b2a6e  HEAD -> backup
To https://github.com/lifeosnico-bot/nico-workspace.git
   60b2a6e..a2d65ce  HEAD -> backup
To https://github.com/lifeosnico-bot/nico-workspace.git
   a2d65ce..8c96181  HEAD -> backup
To https://github.com/lifeosnico-bot/nico-workspace.git
   8c96181..c66e54c  HEAD -> backup
To https://github.com/lifeosnico-bot/nico-workspace.git
   c66e54c..f364548  HEAD -> backup
To https://github.com/lifeosnico-bot/nico-workspace.git
   f364548..bc56361  HEAD -> backup
To https://github.com/lifeosnico-bot/nico-workspace.git
   bc56361..d865cd3  HEAD -> backup
To https://github.com/lifeosnico-bot/nico-workspace.git
   d865cd3..e6def36  HEAD -> backup
To https://github.com/lifeosnico-bot/nico-workspace.git
   e6def36..a5a2fa5  HEAD -> backup
To https://github.com/lifeosnico-bot/nico-workspace.git
   a5a2fa5..2131c86  HEAD -> backup
To https://github.com/lifeosnico-bot/nico-workspace.git
   2131c86..ccb8b46  HEAD -> backup
To https://github.com/lifeosnico-bot/nico-workspace.git
   ccb8b46..4d298d3  HEAD -> backup
To https://github.com/lifeosnico-bot/nico-workspace.git
   4d298d3..44d7aa6  HEAD -> backup
To https://github.com/lifeosnico-bot/nico-workspace.git
   44d7aa6..702702b  HEAD -> backup
To https://github.com/lifeosnico-bot/nico-workspace.git
   702702b..4e2ad96  HEAD -> backup
To https://github.com/lifeosnico-bot/nico-workspace.git
   4e2ad96..d59b90c  HEAD -> backup
To https://github.com/lifeosnico-bot/nico-workspace.git
   d59b90c..97a7019  HEAD -> backup
To https://github.com/lifeosnico-bot/nico-workspace.git
   97a7019..9aec056  HEAD -> backup
To https://github.com/lifeosnico-bot/nico-workspace.git
   9aec056..cd347c8  HEAD -> backup
To https://github.com/lifeosnico-bot/nico-workspace.git
   cd347c8..2f14e31  HEAD -> backup
To https://github.com/lifeosnico-bot/nico-workspace.git
   2f14e31..bbba42c  HEAD -> backup
To https://github.com/lifeosnico-bot/nico-workspace.git
   bbba42c..a709c27  HEAD -> backup
To https://github.com/lifeosnico-bot/nico-workspace.git
   a709c27..f64c4c9  HEAD -> backup
To https://github.com/lifeosnico-bot/nico-workspace.git
   f64c4c9..a69627a  HEAD -> backup
To https://github.com/lifeosnico-bot/nico-workspace.git
   a69627a..43c81c9  HEAD -> backup
To https://github.com/lifeosnico-bot/nico-workspace.git
   43c81c9..427665d  HEAD -> backup
To https://github.com/lifeosnico-bot/nico-workspace.git
   427665d..a447b04  HEAD -> backup
To https://github.com/lifeosnico-bot/nico-workspace.git
   a447b04..d19942d  HEAD -> backup
To https://github.com/lifeosnico-bot/nico-workspace.git
   d19942d..07633eb  HEAD -> backup
To https://github.com/lifeosnico-bot/nico-workspace.git
   07633eb..5187bd6  HEAD -> backup
To https://github.com/lifeosnico-bot/nico-workspace.git
   5187bd6..61316c0  HEAD -> backup
To https://github.com/lifeosnico-bot/nico-workspace.git
   61316c0..7008b1d  HEAD -> backup
To https://github.com/lifeosnico-bot/nico-workspace.git
   7008b1d..9e2d24b  HEAD -> backup
To https://github.com/lifeosnico-bot/nico-workspace.git
   9e2d24b..4f1faf3  HEAD -> backup
To https://github.com/lifeosnico-bot/nico-workspace.git
   4f1faf3..709759d  HEAD -> backup
To https://github.com/lifeosnico-bot/nico-workspace.git
   709759d..512899f  HEAD -> backup
To https://github.com/lifeosnico-bot/nico-workspace.git
   512899f..67bd3b9  HEAD -> backup
To https://github.com/lifeosnico-bot/nico-workspace.git
   67bd3b9..2a63caf  HEAD -> backup
To https://github.com/lifeosnico-bot/nico-workspace.git
   2a63caf..91a341e  HEAD -> backup
To https://github.com/lifeosnico-bot/nico-workspace.git
   91a341e..2357ecf  HEAD -> backup
To https://github.com/lifeosnico-bot/nico-workspace.git
   2357ecf..52972ae  HEAD -> backup
To https://github.com/lifeosnico-bot/nico-workspace.git
   52972ae..887a65c  HEAD -> backup
To https://github.com/lifeosnico-bot/nico-workspace.git
   887a65c..cb42984  HEAD -> backup
To https://github.com/lifeosnico-bot/nico-workspace.git
   cb42984..edee4a1  HEAD -> backup
To https://github.com/lifeosnico-bot/nico-workspace.git
   edee4a1..2d66264  HEAD -> backup
To https://github.com/lifeosnico-bot/nico-workspace.git
   2d66264..d19b743  HEAD -> backup
To https://github.com/lifeosnico-bot/nico-workspace.git
   d19b743..8a84add  HEAD -> backup
To https://github.com/lifeosnico-bot/nico-workspace.git
   8a84add..aecb5af  HEAD -> backup
To https://github.com/lifeosnico-bot/nico-workspace.git
   aecb5af..92d9a8e  HEAD -> backup
To https://github.com/lifeosnico-bot/nico-workspace.git
   92d9a8e..d1bfaf4  HEAD -> backup
To https://github.com/lifeosnico-bot/nico-workspace.git
   d1bfaf4..0896872  HEAD -> backup
To https://github.com/lifeosnico-bot/nico-workspace.git
   0896872..87f98ab  HEAD -> backup
To https://github.com/lifeosnico-bot/nico-workspace.git
   87f98ab..5a3d5b1  HEAD -> backup
To https://github.com/lifeosnico-bot/nico-workspace.git
   5a3d5b1..12352b4  HEAD -> backup
To https://github.com/lifeosnico-bot/nico-workspace.git
   12352b4..7010e54  HEAD -> backup
To https://github.com/lifeosnico-bot/nico-workspace.git
   7010e54..ec8fab1  HEAD -> backup
To https://github.com/lifeosnico-bot/nico-workspace.git
   ec8fab1..c5f4f26  HEAD -> backup
To https://github.com/lifeosnico-bot/nico-workspace.git
   c5f4f26..3bb59de  HEAD -> backup
To https://github.com/lifeosnico-bot/nico-workspace.git
   3bb59de..ce92c31  HEAD -> backup
To https://github.com/lifeosnico-bot/nico-workspace.git
   ce92c31..a848ba1  HEAD -> backup
To https://github.com/lifeosnico-bot/nico-workspace.git
   a848ba1..957bd2e  HEAD -> backup
To https://github.com/lifeosnico-bot/nico-workspace.git
   957bd2e..3638cdf  HEAD -> backup
To https://github.com/lifeosnico-bot/nico-workspace.git
   3638cdf..188001a  HEAD -> backup
To https://github.com/lifeosnico-bot/nico-workspace.git
   188001a..c0169c8  HEAD -> backup
To https://github.com/lifeosnico-bot/nico-workspace.git
   c0169c8..990133f  HEAD -> backup
To https://github.com/lifeosnico-bot/nico-workspace.git
   990133f..c05241b  HEAD -> backup
To https://github.com/lifeosnico-bot/nico-workspace.git
   c05241b..a0f7ca0  HEAD -> backup
To https://github.com/lifeosnico-bot/nico-workspace.git
   a0f7ca0..9cda9c2  HEAD -> backup
To https://github.com/lifeosnico-bot/nico-workspace.git
   9cda9c2..0327089  HEAD -> backup
To https://github.com/lifeosnico-bot/nico-workspace.git
   0327089..37f764a  HEAD -> backup
To https://github.com/lifeosnico-bot/nico-workspace.git
   37f764a..fce72c6  HEAD -> backup
To https://github.com/lifeosnico-bot/nico-workspace.git
   fce72c6..6ab0e5d  HEAD -> backup
To https://github.com/lifeosnico-bot/nico-workspace.git
   6ab0e5d..f40ef71  HEAD -> backup
To https://github.com/lifeosnico-bot/nico-workspace.git
   f40ef71..969044b  HEAD -> backup
To https://github.com/lifeosnico-bot/nico-workspace.git
   969044b..74f0c1c  HEAD -> backup
To https://github.com/lifeosnico-bot/nico-workspace.git
   74f0c1c..3686cbb  HEAD -> backup
To https://github.com/lifeosnico-bot/nico-workspace.git
   3686cbb..3ac1543  HEAD -> backup
To https://github.com/lifeosnico-bot/nico-workspace.git
   3ac1543..1e757f5  HEAD -> backup
To https://github.com/lifeosnico-bot/nico-workspace.git
   1e757f5..52c6d7c  HEAD -> backup
To https://github.com/lifeosnico-bot/nico-workspace.git
   52c6d7c..7216f5f  HEAD -> backup
To https://github.com/lifeosnico-bot/nico-workspace.git
   7216f5f..b0cb383  HEAD -> backup
To https://github.com/lifeosnico-bot/nico-workspace.git
   b0cb383..2162664  HEAD -> backup
To https://github.com/lifeosnico-bot/nico-workspace.git
   2162664..e469b0b  HEAD -> backup
To https://github.com/lifeosnico-bot/nico-workspace.git
   e469b0b..c01848c  HEAD -> backup
To https://github.com/lifeosnico-bot/nico-workspace.git
   c01848c..8526b23  HEAD -> backup
To https://github.com/lifeosnico-bot/nico-workspace.git
   8526b23..dd0276f  HEAD -> backup
To https://github.com/lifeosnico-bot/nico-workspace.git
   dd0276f..db742bf  HEAD -> backup
To https://github.com/lifeosnico-bot/nico-workspace.git
   db742bf..cf5a819  HEAD -> backup
To https://github.com/lifeosnico-bot/nico-workspace.git
   cf5a819..0f1fc3e  HEAD -> backup
To https://github.com/lifeosnico-bot/nico-workspace.git
   0f1fc3e..2086cf5  HEAD -> backup
To https://github.com/lifeosnico-bot/nico-workspace.git
   2086cf5..9a30bb8  HEAD -> backup
To https://github.com/lifeosnico-bot/nico-workspace.git
   9a30bb8..8f88740  HEAD -> backup
To https://github.com/lifeosnico-bot/nico-workspace.git
   8f88740..7a6b1e0  HEAD -> backup
To https://github.com/lifeosnico-bot/nico-workspace.git
   7a6b1e0..39c8585  HEAD -> backup
To https://github.com/lifeosnico-bot/nico-workspace.git
   39c8585..cf383de  HEAD -> backup
To https://github.com/lifeosnico-bot/nico-workspace.git
   cf383de..7b877c6  HEAD -> backup
To https://github.com/lifeosnico-bot/nico-workspace.git
   7b877c6..5ff46f6  HEAD -> backup
To https://github.com/lifeosnico-bot/nico-workspace.git
   5ff46f6..fcfc083  HEAD -> backup
To https://github.com/lifeosnico-bot/nico-workspace.git
   fcfc083..3039503  HEAD -> backup
To https://github.com/lifeosnico-bot/nico-workspace.git
   3039503..fcde25b  HEAD -> backup
To https://github.com/lifeosnico-bot/nico-workspace.git
   fcde25b..2d952c6  HEAD -> backup
To https://github.com/lifeosnico-bot/nico-workspace.git
   2d952c6..81fcefe  HEAD -> backup
To https://github.com/lifeosnico-bot/nico-workspace.git
   81fcefe..fe0fb24  HEAD -> backup
To https://github.com/lifeosnico-bot/nico-workspace.git
   fe0fb24..4fd9351  HEAD -> backup
To https://github.com/lifeosnico-bot/nico-workspace.git
   4fd9351..9691288  HEAD -> backup
To https://github.com/lifeosnico-bot/nico-workspace.git
   9691288..fefd63c  HEAD -> backup
To https://github.com/lifeosnico-bot/nico-workspace.git
   fefd63c..dd72988  HEAD -> backup
To https://github.com/lifeosnico-bot/nico-workspace.git
   dd72988..9bda2fc  HEAD -> backup
To https://github.com/lifeosnico-bot/nico-workspace.git
   9bda2fc..627e228  HEAD -> backup
To https://github.com/lifeosnico-bot/nico-workspace.git
   627e228..44883f5  HEAD -> backup
To https://github.com/lifeosnico-bot/nico-workspace.git
   44883f5..531274b  HEAD -> backup
To https://github.com/lifeosnico-bot/nico-workspace.git
   531274b..ff95b28  HEAD -> backup
To https://github.com/lifeosnico-bot/nico-workspace.git
   ff95b28..b303be9  HEAD -> backup
To https://github.com/lifeosnico-bot/nico-workspace.git
   b303be9..c7e96cf  HEAD -> backup
To https://github.com/lifeosnico-bot/nico-workspace.git
   c7e96cf..c70e2b7  HEAD -> backup
To https://github.com/lifeosnico-bot/nico-workspace.git
   c70e2b7..f6142f6  HEAD -> backup
To https://github.com/lifeosnico-bot/nico-workspace.git
   f6142f6..13fc139  HEAD -> backup
To https://github.com/lifeosnico-bot/nico-workspace.git
   13fc139..72916fb  HEAD -> backup
To https://github.com/lifeosnico-bot/nico-workspace.git
   72916fb..8cfc0ac  HEAD -> backup
To https://github.com/lifeosnico-bot/nico-workspace.git
   8cfc0ac..eff0190  HEAD -> backup
To https://github.com/lifeosnico-bot/nico-workspace.git
   eff0190..bd5e35d  HEAD -> backup
To https://github.com/lifeosnico-bot/nico-workspace.git
   bd5e35d..e4f51a9  HEAD -> backup
To https://github.com/lifeosnico-bot/nico-workspace.git
   e4f51a9..b2801ce  HEAD -> backup
To https://github.com/lifeosnico-bot/nico-workspace.git
   b2801ce..8e4d84a  HEAD -> backup
To https://github.com/lifeosnico-bot/nico-workspace.git
   8e4d84a..9dc3f48  HEAD -> backup
To https://github.com/lifeosnico-bot/nico-workspace.git
   9dc3f48..31b72e8  HEAD -> backup
To https://github.com/lifeosnico-bot/nico-workspace.git
   31b72e8..4d3876e  HEAD -> backup
To https://github.com/lifeosnico-bot/nico-workspace.git
   4d3876e..3a2d1bd  HEAD -> backup
To https://github.com/lifeosnico-bot/nico-workspace.git
   3a2d1bd..a68349b  HEAD -> backup
To https://github.com/lifeosnico-bot/nico-workspace.git
   a68349b..1cd9eb3  HEAD -> backup
To https://github.com/lifeosnico-bot/nico-workspace.git
   1cd9eb3..8a5bb7e  HEAD -> backup
To https://github.com/lifeosnico-bot/nico-workspace.git
   8a5bb7e..89e0001  HEAD -> backup
To https://github.com/lifeosnico-bot/nico-workspace.git
   89e0001..d6fb8cb  HEAD -> backup
To https://github.com/lifeosnico-bot/nico-workspace.git
   d6fb8cb..450db2b  HEAD -> backup
To https://github.com/lifeosnico-bot/nico-workspace.git
   450db2b..d3d2d74  HEAD -> backup
To https://github.com/lifeosnico-bot/nico-workspace.git
   d3d2d74..36d08bc  HEAD -> backup
To https://github.com/lifeosnico-bot/nico-workspace.git
   36d08bc..8f75fd3  HEAD -> backup
To https://github.com/lifeosnico-bot/nico-workspace.git
   8f75fd3..b929712  HEAD -> backup
To https://github.com/lifeosnico-bot/nico-workspace.git
   b929712..df2fbe5  HEAD -> backup
To https://github.com/lifeosnico-bot/nico-workspace.git
   df2fbe5..8f8c308  HEAD -> backup
To https://github.com/lifeosnico-bot/nico-workspace.git
   8f8c308..74f6632  HEAD -> backup
To https://github.com/lifeosnico-bot/nico-workspace.git
   74f6632..742b23e  HEAD -> backup
To https://github.com/lifeosnico-bot/nico-workspace.git
   742b23e..48bf19a  HEAD -> backup
To https://github.com/lifeosnico-bot/nico-workspace.git
   48bf19a..c4eca21  HEAD -> backup
To https://github.com/lifeosnico-bot/nico-workspace.git
   c4eca21..a8fb2a9  HEAD -> backup
To https://github.com/lifeosnico-bot/nico-workspace.git
   a8fb2a9..1819cd9  HEAD -> backup
To https://github.com/lifeosnico-bot/nico-workspace.git
   1819cd9..7d4de52  HEAD -> backup
To https://github.com/lifeosnico-bot/nico-workspace.git
   7d4de52..f18568c  HEAD -> backup
To https://github.com/lifeosnico-bot/nico-workspace.git
   f18568c..44efc6d  HEAD -> backup
To https://github.com/lifeosnico-bot/nico-workspace.git
   44efc6d..f775dfa  HEAD -> backup
To https://github.com/lifeosnico-bot/nico-workspace.git
   f775dfa..317374c  HEAD -> backup
To https://github.com/lifeosnico-bot/nico-workspace.git
   317374c..07d8790  HEAD -> backup
To https://github.com/lifeosnico-bot/nico-workspace.git
   07d8790..801b4ac  HEAD -> backup
To https://github.com/lifeosnico-bot/nico-workspace.git
   801b4ac..e882c4f  HEAD -> backup
To https://github.com/lifeosnico-bot/nico-workspace.git
   e882c4f..97cc015  HEAD -> backup
To https://github.com/lifeosnico-bot/nico-workspace.git
   97cc015..f609af9  HEAD -> backup
To https://github.com/lifeosnico-bot/nico-workspace.git
   f609af9..3f21041  HEAD -> backup
To https://github.com/lifeosnico-bot/nico-workspace.git
   3f21041..50c6240  HEAD -> backup
To https://github.com/lifeosnico-bot/nico-workspace.git
   50c6240..78f39bf  HEAD -> backup
To https://github.com/lifeosnico-bot/nico-workspace.git
   78f39bf..1814677  HEAD -> backup
To https://github.com/lifeosnico-bot/nico-workspace.git
   1814677..d95c46c  HEAD -> backup
To https://github.com/lifeosnico-bot/nico-workspace.git
   d95c46c..ad1cb14  HEAD -> backup
To https://github.com/lifeosnico-bot/nico-workspace.git
   ad1cb14..7df4ccc  HEAD -> backup
To https://github.com/lifeosnico-bot/nico-workspace.git
   7df4ccc..6767204  HEAD -> backup
To https://github.com/lifeosnico-bot/nico-workspace.git
   6767204..99dccc2  HEAD -> backup
To https://github.com/lifeosnico-bot/nico-workspace.git
   99dccc2..b06f1eb  HEAD -> backup
To https://github.com/lifeosnico-bot/nico-workspace.git
   b06f1eb..6b9f2fa  HEAD -> backup
To https://github.com/lifeosnico-bot/nico-workspace.git
   6b9f2fa..2d320a8  HEAD -> backup
To https://github.com/lifeosnico-bot/nico-workspace.git
   2d320a8..ab1c723  HEAD -> backup
To https://github.com/lifeosnico-bot/nico-workspace.git
   ab1c723..437dc70  HEAD -> backup
To https://github.com/lifeosnico-bot/nico-workspace.git
   437dc70..8543537  HEAD -> backup
To https://github.com/lifeosnico-bot/nico-workspace.git
   8543537..b1158e6  HEAD -> backup
To https://github.com/lifeosnico-bot/nico-workspace.git
   b1158e6..91f3d56  HEAD -> backup
To https://github.com/lifeosnico-bot/nico-workspace.git
   91f3d56..16f550c  HEAD -> backup
To https://github.com/lifeosnico-bot/nico-workspace.git
   16f550c..3f887c5  HEAD -> backup
To https://github.com/lifeosnico-bot/nico-workspace.git
   3f887c5..036cb10  HEAD -> backup
To https://github.com/lifeosnico-bot/nico-workspace.git
   036cb10..d0eb845  HEAD -> backup
To https://github.com/lifeosnico-bot/nico-workspace.git
   d0eb845..14143bb  HEAD -> backup
To https://github.com/lifeosnico-bot/nico-workspace.git
   14143bb..6df2798  HEAD -> backup
To https://github.com/lifeosnico-bot/nico-workspace.git
   6df2798..d2a6f3b  HEAD -> backup
fatal: unable to access 'https://github.com/lifeosnico-bot/nico-workspace.git/': Could not resolve host: github.com
To https://github.com/lifeosnico-bot/nico-workspace.git
   d2a6f3b..5c6abfb  HEAD -> backup
To https://github.com/lifeosnico-bot/nico-workspace.git
   5c6abfb..f72059b  HEAD -> backup
To https://github.com/lifeosnico-bot/nico-workspace.git
   f72059b..cef78f9  HEAD -> backup
To https://github.com/lifeosnico-bot/nico-workspace.git
   cef78f9..8d4ddac  HEAD -> backup
To https://github.com/lifeosnico-bot/nico-workspace.git
   8d4ddac..8965ac4  HEAD -> backup
To https://github.com/lifeosnico-bot/nico-workspace.git
   8965ac4..b04da81  HEAD -> backup
To https://github.com/lifeosnico-bot/nico-workspace.git
   b04da81..488cd99  HEAD -> backup
To https://github.com/lifeosnico-bot/nico-workspace.git
   488cd99..cf5c8be  HEAD -> backup
To https://github.com/lifeosnico-bot/nico-workspace.git
   cf5c8be..a2fadd4  HEAD -> backup
To https://github.com/lifeosnico-bot/nico-workspace.git
   a2fadd4..c6ce9ed  HEAD -> backup
To https://github.com/lifeosnico-bot/nico-workspace.git
   c6ce9ed..054a2f4  HEAD -> backup
To https://github.com/lifeosnico-bot/nico-workspace.git
   054a2f4..6725f41  HEAD -> backup
To https://github.com/lifeosnico-bot/nico-workspace.git
   6725f41..ab2f3a6  HEAD -> backup
To https://github.com/lifeosnico-bot/nico-workspace.git
   ab2f3a6..619b9af  HEAD -> backup
To https://github.com/lifeosnico-bot/nico-workspace.git
   619b9af..7186ccf  HEAD -> backup
To https://github.com/lifeosnico-bot/nico-workspace.git
   7186ccf..776157e  HEAD -> backup
To https://github.com/lifeosnico-bot/nico-workspace.git
   776157e..df8b7c1  HEAD -> backup
To https://github.com/lifeosnico-bot/nico-workspace.git
   df8b7c1..7ab1a46  HEAD -> backup
To https://github.com/lifeosnico-bot/nico-workspace.git
   7ab1a46..3c8dbce  HEAD -> backup
To https://github.com/lifeosnico-bot/nico-workspace.git
   3c8dbce..48365b9  HEAD -> backup
To https://github.com/lifeosnico-bot/nico-workspace.git
   48365b9..8ea444b  HEAD -> backup
To https://github.com/lifeosnico-bot/nico-workspace.git
   8ea444b..1034f14  HEAD -> backup
To https://github.com/lifeosnico-bot/nico-workspace.git
   1034f14..1b6be28  HEAD -> backup
To https://github.com/lifeosnico-bot/nico-workspace.git
   1b6be28..e1a0c93  HEAD -> backup
To https://github.com/lifeosnico-bot/nico-workspace.git
   e1a0c93..ef84b0a  HEAD -> backup
To https://github.com/lifeosnico-bot/nico-workspace.git
   ef84b0a..533df43  HEAD -> backup
To https://github.com/lifeosnico-bot/nico-workspace.git
   533df43..01e9674  HEAD -> backup
To https://github.com/lifeosnico-bot/nico-workspace.git
   01e9674..1e0d236  HEAD -> backup
To https://github.com/lifeosnico-bot/nico-workspace.git
   1e0d236..3f5e022  HEAD -> backup
To https://github.com/lifeosnico-bot/nico-workspace.git
   3f5e022..8a4f8d2  HEAD -> backup
To https://github.com/lifeosnico-bot/nico-workspace.git
   8a4f8d2..b85f272  HEAD -> backup
To https://github.com/lifeosnico-bot/nico-workspace.git
   b85f272..07736e1  HEAD -> backup
To https://github.com/lifeosnico-bot/nico-workspace.git
   07736e1..8c957fc  HEAD -> backup
To https://github.com/lifeosnico-bot/nico-workspace.git
   8c957fc..fce3032  HEAD -> backup
To https://github.com/lifeosnico-bot/nico-workspace.git
   fce3032..158fdee  HEAD -> backup
To https://github.com/lifeosnico-bot/nico-workspace.git
   158fdee..0e1cbb6  HEAD -> backup
To https://github.com/lifeosnico-bot/nico-workspace.git
   0e1cbb6..f474e62  HEAD -> backup
To https://github.com/lifeosnico-bot/nico-workspace.git
   f474e62..81b9b42  HEAD -> backup
To https://github.com/lifeosnico-bot/nico-workspace.git
   81b9b42..a39ce19  HEAD -> backup
To https://github.com/lifeosnico-bot/nico-workspace.git
   a39ce19..da67076  HEAD -> backup
To https://github.com/lifeosnico-bot/nico-workspace.git
   da67076..5356b37  HEAD -> backup
To https://github.com/lifeosnico-bot/nico-workspace.git
   5356b37..8f19755  HEAD -> backup
To https://github.com/lifeosnico-bot/nico-workspace.git
   8f19755..4280860  HEAD -> backup
To https://github.com/lifeosnico-bot/nico-workspace.git
   4280860..765a61d  HEAD -> backup
To https://github.com/lifeosnico-bot/nico-workspace.git
   765a61d..63abeb4  HEAD -> backup
To https://github.com/lifeosnico-bot/nico-workspace.git
   63abeb4..44c9bcf  HEAD -> backup
To https://github.com/lifeosnico-bot/nico-workspace.git
   44c9bcf..43f9c97  HEAD -> backup
To https://github.com/lifeosnico-bot/nico-workspace.git
   43f9c97..2b93fe3  HEAD -> backup
To https://github.com/lifeosnico-bot/nico-workspace.git
   2b93fe3..62a9bbc  HEAD -> backup
To https://github.com/lifeosnico-bot/nico-workspace.git
   62a9bbc..222ca7f  HEAD -> backup
To https://github.com/lifeosnico-bot/nico-workspace.git
   222ca7f..7ef5a3a  HEAD -> backup
To https://github.com/lifeosnico-bot/nico-workspace.git
   7ef5a3a..218470a  HEAD -> backup
To https://github.com/lifeosnico-bot/nico-workspace.git
   218470a..0ca10cc  HEAD -> backup
To https://github.com/lifeosnico-bot/nico-workspace.git
   0ca10cc..3c2f5fb  HEAD -> backup
To https://github.com/lifeosnico-bot/nico-workspace.git
   3c2f5fb..4dc2e53  HEAD -> backup
To https://github.com/lifeosnico-bot/nico-workspace.git
   4dc2e53..58e2d6f  HEAD -> backup
To https://github.com/lifeosnico-bot/nico-workspace.git
   58e2d6f..d3f21de  HEAD -> backup
To https://github.com/lifeosnico-bot/nico-workspace.git
   d3f21de..60d9ed5  HEAD -> backup
To https://github.com/lifeosnico-bot/nico-workspace.git
   60d9ed5..dd68a14  HEAD -> backup
To https://github.com/lifeosnico-bot/nico-workspace.git
   dd68a14..873f156  HEAD -> backup
To https://github.com/lifeosnico-bot/nico-workspace.git
   873f156..f59ed1b  HEAD -> backup
To https://github.com/lifeosnico-bot/nico-workspace.git
   f59ed1b..22e2a5d  HEAD -> backup
To https://github.com/lifeosnico-bot/nico-workspace.git
   22e2a5d..977054c  HEAD -> backup
To https://github.com/lifeosnico-bot/nico-workspace.git
   977054c..1787db8  HEAD -> backup
To https://github.com/lifeosnico-bot/nico-workspace.git
   1787db8..2b2dd21  HEAD -> backup
To https://github.com/lifeosnico-bot/nico-workspace.git
   2b2dd21..7b8e81f  HEAD -> backup
To https://github.com/lifeosnico-bot/nico-workspace.git
   7b8e81f..454ce3d  HEAD -> backup
To https://github.com/lifeosnico-bot/nico-workspace.git
   454ce3d..0900217  HEAD -> backup
To https://github.com/lifeosnico-bot/nico-workspace.git
   0900217..404856c  HEAD -> backup
To https://github.com/lifeosnico-bot/nico-workspace.git
   404856c..0330511  HEAD -> backup
To https://github.com/lifeosnico-bot/nico-workspace.git
   0330511..6d4fae3  HEAD -> backup
To https://github.com/lifeosnico-bot/nico-workspace.git
   6d4fae3..c9bc700  HEAD -> backup
To https://github.com/lifeosnico-bot/nico-workspace.git
   c9bc700..7913af3  HEAD -> backup
To https://github.com/lifeosnico-bot/nico-workspace.git
   7913af3..a5cad03  HEAD -> backup
To https://github.com/lifeosnico-bot/nico-workspace.git
   a5cad03..af60aa3  HEAD -> backup
To https://github.com/lifeosnico-bot/nico-workspace.git
   af60aa3..0807ab6  HEAD -> backup
To https://github.com/lifeosnico-bot/nico-workspace.git
   0807ab6..cfbb2f1  HEAD -> backup
To https://github.com/lifeosnico-bot/nico-workspace.git
   cfbb2f1..34866d0  HEAD -> backup
To https://github.com/lifeosnico-bot/nico-workspace.git
   34866d0..7e40609  HEAD -> backup
To https://github.com/lifeosnico-bot/nico-workspace.git
   7e40609..4b915fe  HEAD -> backup
To https://github.com/lifeosnico-bot/nico-workspace.git
   4b915fe..4e4d8c4  HEAD -> backup
To https://github.com/lifeosnico-bot/nico-workspace.git
   4e4d8c4..63da030  HEAD -> backup
To https://github.com/lifeosnico-bot/nico-workspace.git
   63da030..825f25e  HEAD -> backup
To https://github.com/lifeosnico-bot/nico-workspace.git
   825f25e..ae07e47  HEAD -> backup
To https://github.com/lifeosnico-bot/nico-workspace.git
   ae07e47..d6a4b3b  HEAD -> backup
To https://github.com/lifeosnico-bot/nico-workspace.git
   d6a4b3b..79d2fc2  HEAD -> backup
To https://github.com/lifeosnico-bot/nico-workspace.git
   79d2fc2..bc650a0  HEAD -> backup
To https://github.com/lifeosnico-bot/nico-workspace.git
   bc650a0..1fa8d21  HEAD -> backup
To https://github.com/lifeosnico-bot/nico-workspace.git
   1fa8d21..ed397d9  HEAD -> backup
To https://github.com/lifeosnico-bot/nico-workspace.git
   ed397d9..d7d0d77  HEAD -> backup
To https://github.com/lifeosnico-bot/nico-workspace.git
   d7d0d77..0e95450  HEAD -> backup
To https://github.com/lifeosnico-bot/nico-workspace.git
   0e95450..1b7e28d  HEAD -> backup
To https://github.com/lifeosnico-bot/nico-workspace.git
   1b7e28d..264962c  HEAD -> backup
To https://github.com/lifeosnico-bot/nico-workspace.git
   264962c..f030cea  HEAD -> backup
To https://github.com/lifeosnico-bot/nico-workspace.git
   f030cea..70f773a  HEAD -> backup
To https://github.com/lifeosnico-bot/nico-workspace.git
   70f773a..67c04c8  HEAD -> backup
To https://github.com/lifeosnico-bot/nico-workspace.git
   67c04c8..7b44aa3  HEAD -> backup
To https://github.com/lifeosnico-bot/nico-workspace.git
   7b44aa3..6765158  HEAD -> backup
To https://github.com/lifeosnico-bot/nico-workspace.git
   6765158..71d7731  HEAD -> backup
To https://github.com/lifeosnico-bot/nico-workspace.git
   71d7731..4970b7c  HEAD -> backup
To https://github.com/lifeosnico-bot/nico-workspace.git
   4970b7c..eee9932  HEAD -> backup
To https://github.com/lifeosnico-bot/nico-workspace.git
   eee9932..af38ca8  HEAD -> backup
To https://github.com/lifeosnico-bot/nico-workspace.git
   af38ca8..53006fd  HEAD -> backup
To https://github.com/lifeosnico-bot/nico-workspace.git
   53006fd..84d9550  HEAD -> backup
To https://github.com/lifeosnico-bot/nico-workspace.git
   84d9550..59a6d0d  HEAD -> backup
To https://github.com/lifeosnico-bot/nico-workspace.git
   59a6d0d..9097b77  HEAD -> backup
To https://github.com/lifeosnico-bot/nico-workspace.git
   9097b77..1a52df7  HEAD -> backup
To https://github.com/lifeosnico-bot/nico-workspace.git
   1a52df7..538b2a8  HEAD -> backup
To https://github.com/lifeosnico-bot/nico-workspace.git
   538b2a8..de730ef  HEAD -> backup
To https://github.com/lifeosnico-bot/nico-workspace.git
   de730ef..cb096d5  HEAD -> backup
To https://github.com/lifeosnico-bot/nico-workspace.git
   cb096d5..eee91c9  HEAD -> backup
To https://github.com/lifeosnico-bot/nico-workspace.git
   eee91c9..aa3fad9  HEAD -> backup
To https://github.com/lifeosnico-bot/nico-workspace.git
   aa3fad9..256cdb4  HEAD -> backup
To https://github.com/lifeosnico-bot/nico-workspace.git
   256cdb4..5740a96  HEAD -> backup
To https://github.com/lifeosnico-bot/nico-workspace.git
   5740a96..da67ad3  HEAD -> backup
To https://github.com/lifeosnico-bot/nico-workspace.git
   da67ad3..d875333  HEAD -> backup
To https://github.com/lifeosnico-bot/nico-workspace.git
   d875333..58993dc  HEAD -> backup
To https://github.com/lifeosnico-bot/nico-workspace.git
   58993dc..7091d04  HEAD -> backup
To https://github.com/lifeosnico-bot/nico-workspace.git
   7091d04..53cff51  HEAD -> backup
To https://github.com/lifeosnico-bot/nico-workspace.git
   53cff51..2bb376d  HEAD -> backup
To https://github.com/lifeosnico-bot/nico-workspace.git
   2bb376d..7f9900a  HEAD -> backup
To https://github.com/lifeosnico-bot/nico-workspace.git
   7f9900a..f0a9ed6  HEAD -> backup
To https://github.com/lifeosnico-bot/nico-workspace.git
   f0a9ed6..0b7abf4  HEAD -> backup
To https://github.com/lifeosnico-bot/nico-workspace.git
   0b7abf4..8e84566  HEAD -> backup
To https://github.com/lifeosnico-bot/nico-workspace.git
   8e84566..9eaff29  HEAD -> backup
To https://github.com/lifeosnico-bot/nico-workspace.git
   9eaff29..53c65e6  HEAD -> backup
To https://github.com/lifeosnico-bot/nico-workspace.git
   53c65e6..6cdbfb3  HEAD -> backup
To https://github.com/lifeosnico-bot/nico-workspace.git
   6cdbfb3..eef7970  HEAD -> backup
To https://github.com/lifeosnico-bot/nico-workspace.git
   eef7970..67550db  HEAD -> backup
To https://github.com/lifeosnico-bot/nico-workspace.git
   67550db..c48f701  HEAD -> backup
To https://github.com/lifeosnico-bot/nico-workspace.git
   c48f701..57c0e9d  HEAD -> backup
To https://github.com/lifeosnico-bot/nico-workspace.git
   57c0e9d..145a957  HEAD -> backup
To https://github.com/lifeosnico-bot/nico-workspace.git
   145a957..9ffc603  HEAD -> backup
To https://github.com/lifeosnico-bot/nico-workspace.git
   9ffc603..2cc5dca  HEAD -> backup
To https://github.com/lifeosnico-bot/nico-workspace.git
   2cc5dca..bdb7f2c  HEAD -> backup
To https://github.com/lifeosnico-bot/nico-workspace.git
   bdb7f2c..8395365  HEAD -> backup
To https://github.com/lifeosnico-bot/nico-workspace.git
   8395365..4257e1e  HEAD -> backup
To https://github.com/lifeosnico-bot/nico-workspace.git
   4257e1e..7b94a4f  HEAD -> backup
To https://github.com/lifeosnico-bot/nico-workspace.git
   7b94a4f..e605314  HEAD -> backup
To https://github.com/lifeosnico-bot/nico-workspace.git
   e605314..ccd35b7  HEAD -> backup
To https://github.com/lifeosnico-bot/nico-workspace.git
   ccd35b7..34aa5ee  HEAD -> backup
To https://github.com/lifeosnico-bot/nico-workspace.git
   34aa5ee..9ca4ed9  HEAD -> backup
To https://github.com/lifeosnico-bot/nico-workspace.git
   9ca4ed9..98b981d  HEAD -> backup
To https://github.com/lifeosnico-bot/nico-workspace.git
   98b981d..a318b30  HEAD -> backup
To https://github.com/lifeosnico-bot/nico-workspace.git
   a318b30..dc2422f  HEAD -> backup
To https://github.com/lifeosnico-bot/nico-workspace.git
   dc2422f..0225f07  HEAD -> backup
To https://github.com/lifeosnico-bot/nico-workspace.git
   0225f07..6e1aeb1  HEAD -> backup
To https://github.com/lifeosnico-bot/nico-workspace.git
   6e1aeb1..b22c589  HEAD -> backup
To https://github.com/lifeosnico-bot/nico-workspace.git
   b22c589..925f93a  HEAD -> backup
To https://github.com/lifeosnico-bot/nico-workspace.git
   925f93a..4f3346f  HEAD -> backup
To https://github.com/lifeosnico-bot/nico-workspace.git
   4f3346f..b1b7e24  HEAD -> backup
To https://github.com/lifeosnico-bot/nico-workspace.git
   b1b7e24..a7ac65c  HEAD -> backup
To https://github.com/lifeosnico-bot/nico-workspace.git
   a7ac65c..e7e513c  HEAD -> backup
To https://github.com/lifeosnico-bot/nico-workspace.git
   e7e513c..6cd68ec  HEAD -> backup
To https://github.com/lifeosnico-bot/nico-workspace.git
   6cd68ec..59862ed  HEAD -> backup
To https://github.com/lifeosnico-bot/nico-workspace.git
   59862ed..aaeba6b  HEAD -> backup
To https://github.com/lifeosnico-bot/nico-workspace.git
   aaeba6b..5b2d4b1  HEAD -> backup
To https://github.com/lifeosnico-bot/nico-workspace.git
   5b2d4b1..dc8cb19  HEAD -> backup
To https://github.com/lifeosnico-bot/nico-workspace.git
   dc8cb19..94efd77  HEAD -> backup
To https://github.com/lifeosnico-bot/nico-workspace.git
   94efd77..b770580  HEAD -> backup
To https://github.com/lifeosnico-bot/nico-workspace.git
   b770580..529de08  HEAD -> backup
error: RPC failed; curl 56 Recv failure: Operation timed out
send-pack: unexpected disconnect while reading sideband packet
fatal: the remote end hung up unexpectedly
Everything up-to-date
To https://github.com/lifeosnico-bot/nico-workspace.git
   8185c8b..54a36b4  HEAD -> backup
To https://github.com/lifeosnico-bot/nico-workspace.git
   54a36b4..ef0656b  HEAD -> backup
To https://github.com/lifeosnico-bot/nico-workspace.git
   ef0656b..e4362ad  HEAD -> backup
To https://github.com/lifeosnico-bot/nico-workspace.git
   e4362ad..8236c29  HEAD -> backup
To https://github.com/lifeosnico-bot/nico-workspace.git
   8236c29..5df75ff  HEAD -> backup
To https://github.com/lifeosnico-bot/nico-workspace.git
   5df75ff..fcb8860  HEAD -> backup
To https://github.com/lifeosnico-bot/nico-workspace.git
   fcb8860..45363d6  HEAD -> backup
To https://github.com/lifeosnico-bot/nico-workspace.git
   45363d6..7afe57f  HEAD -> backup
To https://github.com/lifeosnico-bot/nico-workspace.git
   7afe57f..05877c1  HEAD -> backup
To https://github.com/lifeosnico-bot/nico-workspace.git
   05877c1..0633c3e  HEAD -> backup
To https://github.com/lifeosnico-bot/nico-workspace.git
   0633c3e..fe046b8  HEAD -> backup
To https://github.com/lifeosnico-bot/nico-workspace.git
   fe046b8..3c03b3b  HEAD -> backup
To https://github.com/lifeosnico-bot/nico-workspace.git
   3c03b3b..da3a36c  HEAD -> backup
To https://github.com/lifeosnico-bot/nico-workspace.git
   da3a36c..b6c77d6  HEAD -> backup
To https://github.com/lifeosnico-bot/nico-workspace.git
   b6c77d6..9bfe409  HEAD -> backup
To https://github.com/lifeosnico-bot/nico-workspace.git
   9bfe409..20a970a  HEAD -> backup
To https://github.com/lifeosnico-bot/nico-workspace.git
   20a970a..100d916  HEAD -> backup
To https://github.com/lifeosnico-bot/nico-workspace.git
   100d916..2576ebd  HEAD -> backup
error: RPC failed; curl 56 Recv failure: Operation timed out
send-pack: unexpected disconnect while reading sideband packet
fatal: the remote end hung up unexpectedly
Everything up-to-date
To https://github.com/lifeosnico-bot/nico-workspace.git
   97b3421..170594f  HEAD -> backup
To https://github.com/lifeosnico-bot/nico-workspace.git
   170594f..e1eff75  HEAD -> backup
To https://github.com/lifeosnico-bot/nico-workspace.git
   e1eff75..6440dba  HEAD -> backup
To https://github.com/lifeosnico-bot/nico-workspace.git
   6440dba..da5f6a8  HEAD -> backup
To https://github.com/lifeosnico-bot/nico-workspace.git
   da5f6a8..2a4c7bb  HEAD -> backup
To https://github.com/lifeosnico-bot/nico-workspace.git
   2a4c7bb..a582ef7  HEAD -> backup
To https://github.com/lifeosnico-bot/nico-workspace.git
   a582ef7..0f940f7  HEAD -> backup
To https://github.com/lifeosnico-bot/nico-workspace.git
   0f940f7..bcbdc16  HEAD -> backup
To https://github.com/lifeosnico-bot/nico-workspace.git
   bcbdc16..c0447f4  HEAD -> backup
To https://github.com/lifeosnico-bot/nico-workspace.git
   c0447f4..c1edcad  HEAD -> backup
To https://github.com/lifeosnico-bot/nico-workspace.git
   c1edcad..c6ab954  HEAD -> backup
To https://github.com/lifeosnico-bot/nico-workspace.git
   c6ab954..2297291  HEAD -> backup
To https://github.com/lifeosnico-bot/nico-workspace.git
   2297291..3bedf62  HEAD -> backup
To https://github.com/lifeosnico-bot/nico-workspace.git
   3bedf62..f69eb4c  HEAD -> backup
To https://github.com/lifeosnico-bot/nico-workspace.git
   f69eb4c..39f50a6  HEAD -> backup
To https://github.com/lifeosnico-bot/nico-workspace.git
   39f50a6..5522dd8  HEAD -> backup
To https://github.com/lifeosnico-bot/nico-workspace.git
   5522dd8..ac28406  HEAD -> backup
To https://github.com/lifeosnico-bot/nico-workspace.git
   ac28406..70b9e82  HEAD -> backup
To https://github.com/lifeosnico-bot/nico-workspace.git
   70b9e82..435b733  HEAD -> backup
To https://github.com/lifeosnico-bot/nico-workspace.git
   435b733..970095a  HEAD -> backup
To https://github.com/lifeosnico-bot/nico-workspace.git
   970095a..9104fb5  HEAD -> backup
To https://github.com/lifeosnico-bot/nico-workspace.git
   9104fb5..3e9b4a2  HEAD -> backup
To https://github.com/lifeosnico-bot/nico-workspace.git
   3e9b4a2..7e0c2d8  HEAD -> backup
To https://github.com/lifeosnico-bot/nico-workspace.git
   7e0c2d8..460a340  HEAD -> backup
To https://github.com/lifeosnico-bot/nico-workspace.git
   460a340..6151451  HEAD -> backup
To https://github.com/lifeosnico-bot/nico-workspace.git
   6151451..c24d859  HEAD -> backup
To https://github.com/lifeosnico-bot/nico-workspace.git
   c24d859..8755d10  HEAD -> backup
To https://github.com/lifeosnico-bot/nico-workspace.git
   8755d10..b838e5b  HEAD -> backup
To https://github.com/lifeosnico-bot/nico-workspace.git
   b838e5b..c9a5625  HEAD -> backup
To https://github.com/lifeosnico-bot/nico-workspace.git
   c9a5625..1b4ad6c  HEAD -> backup
To https://github.com/lifeosnico-bot/nico-workspace.git
   1b4ad6c..fc11a40  HEAD -> backup
To https://github.com/lifeosnico-bot/nico-workspace.git
   fc11a40..d559b5c  HEAD -> backup
To https://github.com/lifeosnico-bot/nico-workspace.git
   d559b5c..e58fdc5  HEAD -> backup
To https://github.com/lifeosnico-bot/nico-workspace.git
   e58fdc5..e83a9dc  HEAD -> backup
To https://github.com/lifeosnico-bot/nico-workspace.git
   e83a9dc..9ce4312  HEAD -> backup
To https://github.com/lifeosnico-bot/nico-workspace.git
   9ce4312..76972b1  HEAD -> backup
To https://github.com/lifeosnico-bot/nico-workspace.git
   76972b1..b2fe3c6  HEAD -> backup
To https://github.com/lifeosnico-bot/nico-workspace.git
   b2fe3c6..fd66299  HEAD -> backup
To https://github.com/lifeosnico-bot/nico-workspace.git
   fd66299..94026f8  HEAD -> backup
To https://github.com/lifeosnico-bot/nico-workspace.git
   94026f8..ee20344  HEAD -> backup
To https://github.com/lifeosnico-bot/nico-workspace.git
   ee20344..0833826  HEAD -> backup
To https://github.com/lifeosnico-bot/nico-workspace.git
   0833826..ac668d1  HEAD -> backup
To https://github.com/lifeosnico-bot/nico-workspace.git
   ac668d1..7a40358  HEAD -> backup
To https://github.com/lifeosnico-bot/nico-workspace.git
   7a40358..d210d4a  HEAD -> backup
To https://github.com/lifeosnico-bot/nico-workspace.git
   d210d4a..e43a483  HEAD -> backup
To https://github.com/lifeosnico-bot/nico-workspace.git
   e43a483..6657892  HEAD -> backup
To https://github.com/lifeosnico-bot/nico-workspace.git
   6657892..4aa0dcc  HEAD -> backup
To https://github.com/lifeosnico-bot/nico-workspace.git
   4aa0dcc..1d5ed32  HEAD -> backup
To https://github.com/lifeosnico-bot/nico-workspace.git
   1d5ed32..2d59278  HEAD -> backup
To https://github.com/lifeosnico-bot/nico-workspace.git
   2d59278..b3096b2  HEAD -> backup
To https://github.com/lifeosnico-bot/nico-workspace.git
   b3096b2..fef3bce  HEAD -> backup
To https://github.com/lifeosnico-bot/nico-workspace.git
   fef3bce..c4ff961  HEAD -> backup
To https://github.com/lifeosnico-bot/nico-workspace.git
   c4ff961..ee0b00c  HEAD -> backup
To https://github.com/lifeosnico-bot/nico-workspace.git
   ee0b00c..c13f60a  HEAD -> backup
To https://github.com/lifeosnico-bot/nico-workspace.git
   c13f60a..8cdae5c  HEAD -> backup
To https://github.com/lifeosnico-bot/nico-workspace.git
   8cdae5c..1354985  HEAD -> backup
To https://github.com/lifeosnico-bot/nico-workspace.git
   1354985..18f8f2d  HEAD -> backup
To https://github.com/lifeosnico-bot/nico-workspace.git
   18f8f2d..ef23af9  HEAD -> backup
To https://github.com/lifeosnico-bot/nico-workspace.git
   ef23af9..5381f90  HEAD -> backup
fatal: unable to access 'https://github.com/lifeosnico-bot/nico-workspace.git/': Could not resolve host: github.com
To https://github.com/lifeosnico-bot/nico-workspace.git
   5381f90..f66183c  HEAD -> backup
To https://github.com/lifeosnico-bot/nico-workspace.git
   f66183c..7ffc30c  HEAD -> backup
To https://github.com/lifeosnico-bot/nico-workspace.git
   7ffc30c..f9a78ba  HEAD -> backup
To https://github.com/lifeosnico-bot/nico-workspace.git
   f9a78ba..822ece0  HEAD -> backup
To https://github.com/lifeosnico-bot/nico-workspace.git
   822ece0..77260e1  HEAD -> backup
To https://github.com/lifeosnico-bot/nico-workspace.git
   77260e1..8c8380f  HEAD -> backup
To https://github.com/lifeosnico-bot/nico-workspace.git
   8c8380f..2acece6  HEAD -> backup
To https://github.com/lifeosnico-bot/nico-workspace.git
   2acece6..b9ecc9b  HEAD -> backup
To https://github.com/lifeosnico-bot/nico-workspace.git
   b9ecc9b..5bf17c6  HEAD -> backup
To https://github.com/lifeosnico-bot/nico-workspace.git
   5bf17c6..720940d  HEAD -> backup
To https://github.com/lifeosnico-bot/nico-workspace.git
   720940d..aa4d50d  HEAD -> backup
To https://github.com/lifeosnico-bot/nico-workspace.git
   aa4d50d..83c3161  HEAD -> backup
To https://github.com/lifeosnico-bot/nico-workspace.git
   83c3161..d924a8a  HEAD -> backup
To https://github.com/lifeosnico-bot/nico-workspace.git
   d924a8a..a9d73c1  HEAD -> backup
To https://github.com/lifeosnico-bot/nico-workspace.git
   a9d73c1..3d2af32  HEAD -> backup
To https://github.com/lifeosnico-bot/nico-workspace.git
   3d2af32..9270df9  HEAD -> backup
To https://github.com/lifeosnico-bot/nico-workspace.git
   9270df9..316371e  HEAD -> backup
To https://github.com/lifeosnico-bot/nico-workspace.git
   316371e..89d9357  HEAD -> backup
To https://github.com/lifeosnico-bot/nico-workspace.git
   89d9357..3b807ff  HEAD -> backup
To https://github.com/lifeosnico-bot/nico-workspace.git
   3b807ff..2a06c2a  HEAD -> backup
To https://github.com/lifeosnico-bot/nico-workspace.git
   2a06c2a..af5a0dc  HEAD -> backup
To https://github.com/lifeosnico-bot/nico-workspace.git
   af5a0dc..41006ac  HEAD -> backup
To https://github.com/lifeosnico-bot/nico-workspace.git
   41006ac..ebb3d30  HEAD -> backup
To https://github.com/lifeosnico-bot/nico-workspace.git
   ebb3d30..6e5157c  HEAD -> backup
To https://github.com/lifeosnico-bot/nico-workspace.git
   6e5157c..5448027  HEAD -> backup
To https://github.com/lifeosnico-bot/nico-workspace.git
   5448027..6aa31b0  HEAD -> backup
To https://github.com/lifeosnico-bot/nico-workspace.git
   6aa31b0..ab887d4  HEAD -> backup
To https://github.com/lifeosnico-bot/nico-workspace.git
   ab887d4..9ac296a  HEAD -> backup
To https://github.com/lifeosnico-bot/nico-workspace.git
   9ac296a..6832669  HEAD -> backup
To https://github.com/lifeosnico-bot/nico-workspace.git
   6832669..4d8ad83  HEAD -> backup
To https://github.com/lifeosnico-bot/nico-workspace.git
   4d8ad83..91e8855  HEAD -> backup
To https://github.com/lifeosnico-bot/nico-workspace.git
   91e8855..fd757d2  HEAD -> backup
To https://github.com/lifeosnico-bot/nico-workspace.git
   fd757d2..59d308f  HEAD -> backup
To https://github.com/lifeosnico-bot/nico-workspace.git
   59d308f..7d4e593  HEAD -> backup
To https://github.com/lifeosnico-bot/nico-workspace.git
   7d4e593..64ecd05  HEAD -> backup
To https://github.com/lifeosnico-bot/nico-workspace.git
   64ecd05..135ce75  HEAD -> backup
To https://github.com/lifeosnico-bot/nico-workspace.git
   135ce75..c3e4bb9  HEAD -> backup
To https://github.com/lifeosnico-bot/nico-workspace.git
   c3e4bb9..151bb88  HEAD -> backup
To https://github.com/lifeosnico-bot/nico-workspace.git
   151bb88..c0f0237  HEAD -> backup
To https://github.com/lifeosnico-bot/nico-workspace.git
   c0f0237..79facca  HEAD -> backup
To https://github.com/lifeosnico-bot/nico-workspace.git
   79facca..dcf5a3c  HEAD -> backup
To https://github.com/lifeosnico-bot/nico-workspace.git
   dcf5a3c..c647c2e  HEAD -> backup
To https://github.com/lifeosnico-bot/nico-workspace.git
   c647c2e..0964fc3  HEAD -> backup
To https://github.com/lifeosnico-bot/nico-workspace.git
   0964fc3..7b921c3  HEAD -> backup
To https://github.com/lifeosnico-bot/nico-workspace.git
   7b921c3..fd15685  HEAD -> backup
To https://github.com/lifeosnico-bot/nico-workspace.git
   fd15685..dfdbdc3  HEAD -> backup
To https://github.com/lifeosnico-bot/nico-workspace.git
   dfdbdc3..3722c86  HEAD -> backup
To https://github.com/lifeosnico-bot/nico-workspace.git
   3722c86..b28139e  HEAD -> backup
To https://github.com/lifeosnico-bot/nico-workspace.git
   b28139e..620f1ca  HEAD -> backup
To https://github.com/lifeosnico-bot/nico-workspace.git
   620f1ca..572a52a  HEAD -> backup
To https://github.com/lifeosnico-bot/nico-workspace.git
   572a52a..cd2a26b  HEAD -> backup
To https://github.com/lifeosnico-bot/nico-workspace.git
   cd2a26b..6422d79  HEAD -> backup
To https://github.com/lifeosnico-bot/nico-workspace.git
   6422d79..652ec5a  HEAD -> backup
To https://github.com/lifeosnico-bot/nico-workspace.git
   652ec5a..cdd0140  HEAD -> backup
To https://github.com/lifeosnico-bot/nico-workspace.git
   cdd0140..fe5bc68  HEAD -> backup
To https://github.com/lifeosnico-bot/nico-workspace.git
   fe5bc68..5757815  HEAD -> backup
To https://github.com/lifeosnico-bot/nico-workspace.git
   5757815..5ed6336  HEAD -> backup
To https://github.com/lifeosnico-bot/nico-workspace.git
   5ed6336..f63d656  HEAD -> backup
To https://github.com/lifeosnico-bot/nico-workspace.git
   f63d656..82f57d8  HEAD -> backup
To https://github.com/lifeosnico-bot/nico-workspace.git
   82f57d8..f784b73  HEAD -> backup
To https://github.com/lifeosnico-bot/nico-workspace.git
   f784b73..4d38116  HEAD -> backup
To https://github.com/lifeosnico-bot/nico-workspace.git
   4d38116..57cbd4b  HEAD -> backup
To https://github.com/lifeosnico-bot/nico-workspace.git
   57cbd4b..1b939d1  HEAD -> backup
To https://github.com/lifeosnico-bot/nico-workspace.git
   1b939d1..cfef5c1  HEAD -> backup
To https://github.com/lifeosnico-bot/nico-workspace.git
   cfef5c1..0b3d547  HEAD -> backup
To https://github.com/lifeosnico-bot/nico-workspace.git
   0b3d547..f78c35b  HEAD -> backup
To https://github.com/lifeosnico-bot/nico-workspace.git
   f78c35b..9911cbc  HEAD -> backup
To https://github.com/lifeosnico-bot/nico-workspace.git
   9911cbc..2914f04  HEAD -> backup
To https://github.com/lifeosnico-bot/nico-workspace.git
   2914f04..fd74d49  HEAD -> backup
To https://github.com/lifeosnico-bot/nico-workspace.git
   fd74d49..414aa6a  HEAD -> backup
To https://github.com/lifeosnico-bot/nico-workspace.git
   414aa6a..ab2c8bf  HEAD -> backup
To https://github.com/lifeosnico-bot/nico-workspace.git
   ab2c8bf..57ed598  HEAD -> backup
To https://github.com/lifeosnico-bot/nico-workspace.git
   57ed598..a356feb  HEAD -> backup
To https://github.com/lifeosnico-bot/nico-workspace.git
   a356feb..5ced819  HEAD -> backup
To https://github.com/lifeosnico-bot/nico-workspace.git
   5ced819..4185fed  HEAD -> backup
To https://github.com/lifeosnico-bot/nico-workspace.git
   4185fed..769804b  HEAD -> backup
To https://github.com/lifeosnico-bot/nico-workspace.git
   769804b..35b9101  HEAD -> backup
To https://github.com/lifeosnico-bot/nico-workspace.git
   35b9101..6d48a66  HEAD -> backup
To https://github.com/lifeosnico-bot/nico-workspace.git
   6d48a66..10cb6e2  HEAD -> backup
To https://github.com/lifeosnico-bot/nico-workspace.git
   10cb6e2..9281f83  HEAD -> backup
To https://github.com/lifeosnico-bot/nico-workspace.git
   9281f83..54664e3  HEAD -> backup
To https://github.com/lifeosnico-bot/nico-workspace.git
   54664e3..3af9585  HEAD -> backup
To https://github.com/lifeosnico-bot/nico-workspace.git
   3af9585..dcfbfb0  HEAD -> backup
To https://github.com/lifeosnico-bot/nico-workspace.git
   dcfbfb0..1166fff  HEAD -> backup
To https://github.com/lifeosnico-bot/nico-workspace.git
   1166fff..e479d58  HEAD -> backup
To https://github.com/lifeosnico-bot/nico-workspace.git
   e479d58..a361121  HEAD -> backup
To https://github.com/lifeosnico-bot/nico-workspace.git
   a361121..75a2936  HEAD -> backup
To https://github.com/lifeosnico-bot/nico-workspace.git
   75a2936..05e6236  HEAD -> backup
To https://github.com/lifeosnico-bot/nico-workspace.git
   05e6236..1795a90  HEAD -> backup
To https://github.com/lifeosnico-bot/nico-workspace.git
   1795a90..0211887  HEAD -> backup
To https://github.com/lifeosnico-bot/nico-workspace.git
   0211887..ca5a25e  HEAD -> backup
To https://github.com/lifeosnico-bot/nico-workspace.git
   ca5a25e..4a8aad5  HEAD -> backup
To https://github.com/lifeosnico-bot/nico-workspace.git
   4a8aad5..4141ab6  HEAD -> backup
To https://github.com/lifeosnico-bot/nico-workspace.git
   4141ab6..9fca9a2  HEAD -> backup
To https://github.com/lifeosnico-bot/nico-workspace.git
   9fca9a2..ed795d5  HEAD -> backup
To https://github.com/lifeosnico-bot/nico-workspace.git
   ed795d5..f2687ab  HEAD -> backup
To https://github.com/lifeosnico-bot/nico-workspace.git
   f2687ab..927a7f0  HEAD -> backup
To https://github.com/lifeosnico-bot/nico-workspace.git
   927a7f0..2cb9a27  HEAD -> backup
To https://github.com/lifeosnico-bot/nico-workspace.git
   2cb9a27..522968a  HEAD -> backup
To https://github.com/lifeosnico-bot/nico-workspace.git
   522968a..63e7d59  HEAD -> backup
To https://github.com/lifeosnico-bot/nico-workspace.git
   63e7d59..7773466  HEAD -> backup
To https://github.com/lifeosnico-bot/nico-workspace.git
   7773466..6cf19cf  HEAD -> backup
To https://github.com/lifeosnico-bot/nico-workspace.git
   6cf19cf..442d1f3  HEAD -> backup
To https://github.com/lifeosnico-bot/nico-workspace.git
   442d1f3..1a59013  HEAD -> backup
To https://github.com/lifeosnico-bot/nico-workspace.git
   1a59013..3e2d353  HEAD -> backup
To https://github.com/lifeosnico-bot/nico-workspace.git
   3e2d353..054cda2  HEAD -> backup
To https://github.com/lifeosnico-bot/nico-workspace.git
   054cda2..32caeab  HEAD -> backup
To https://github.com/lifeosnico-bot/nico-workspace.git
   32caeab..290097f  HEAD -> backup
To https://github.com/lifeosnico-bot/nico-workspace.git
   290097f..589150f  HEAD -> backup
To https://github.com/lifeosnico-bot/nico-workspace.git
   589150f..e42b6cd  HEAD -> backup
To https://github.com/lifeosnico-bot/nico-workspace.git
   e42b6cd..da965a1  HEAD -> backup
To https://github.com/lifeosnico-bot/nico-workspace.git
   da965a1..d1dd4db  HEAD -> backup
To https://github.com/lifeosnico-bot/nico-workspace.git
   d1dd4db..4e6d68f  HEAD -> backup
To https://github.com/lifeosnico-bot/nico-workspace.git
   4e6d68f..ae060e3  HEAD -> backup
To https://github.com/lifeosnico-bot/nico-workspace.git
   ae060e3..05b3f3b  HEAD -> backup
To https://github.com/lifeosnico-bot/nico-workspace.git
   05b3f3b..1a2a536  HEAD -> backup
To https://github.com/lifeosnico-bot/nico-workspace.git
   1a2a536..fc53304  HEAD -> backup
To https://github.com/lifeosnico-bot/nico-workspace.git
   fc53304..8e9a4e6  HEAD -> backup
To https://github.com/lifeosnico-bot/nico-workspace.git
   8e9a4e6..22f9694  HEAD -> backup
To https://github.com/lifeosnico-bot/nico-workspace.git
   22f9694..924acea  HEAD -> backup
To https://github.com/lifeosnico-bot/nico-workspace.git
   924acea..0819eaa  HEAD -> backup
To https://github.com/lifeosnico-bot/nico-workspace.git
   0819eaa..4771008  HEAD -> backup
To https://github.com/lifeosnico-bot/nico-workspace.git
   4771008..c73581e  HEAD -> backup
To https://github.com/lifeosnico-bot/nico-workspace.git
   c73581e..4dae5d5  HEAD -> backup
To https://github.com/lifeosnico-bot/nico-workspace.git
   4dae5d5..91139ca  HEAD -> backup
To https://github.com/lifeosnico-bot/nico-workspace.git
   91139ca..8d1c552  HEAD -> backup
To https://github.com/lifeosnico-bot/nico-workspace.git
   8d1c552..4571d38  HEAD -> backup
To https://github.com/lifeosnico-bot/nico-workspace.git
   4571d38..143e4e5  HEAD -> backup
To https://github.com/lifeosnico-bot/nico-workspace.git
   143e4e5..faec77d  HEAD -> backup
To https://github.com/lifeosnico-bot/nico-workspace.git
   faec77d..069a2bb  HEAD -> backup
To https://github.com/lifeosnico-bot/nico-workspace.git
   069a2bb..91a2bb8  HEAD -> backup
To https://github.com/lifeosnico-bot/nico-workspace.git
   91a2bb8..914cc33  HEAD -> backup
To https://github.com/lifeosnico-bot/nico-workspace.git
   914cc33..f9f6cd7  HEAD -> backup
To https://github.com/lifeosnico-bot/nico-workspace.git
   f9f6cd7..d09ea3f  HEAD -> backup
To https://github.com/lifeosnico-bot/nico-workspace.git
   d09ea3f..f3c1504  HEAD -> backup
To https://github.com/lifeosnico-bot/nico-workspace.git
   f3c1504..ea28162  HEAD -> backup
To https://github.com/lifeosnico-bot/nico-workspace.git
   ea28162..50dbca9  HEAD -> backup
To https://github.com/lifeosnico-bot/nico-workspace.git
   50dbca9..09a3774  HEAD -> backup
To https://github.com/lifeosnico-bot/nico-workspace.git
   09a3774..31e497d  HEAD -> backup
To https://github.com/lifeosnico-bot/nico-workspace.git
   31e497d..a95d395  HEAD -> backup
To https://github.com/lifeosnico-bot/nico-workspace.git
   a95d395..3cdd2b2  HEAD -> backup
To https://github.com/lifeosnico-bot/nico-workspace.git
   3cdd2b2..d78a2ba  HEAD -> backup
To https://github.com/lifeosnico-bot/nico-workspace.git
   d78a2ba..bdbb01c  HEAD -> backup
To https://github.com/lifeosnico-bot/nico-workspace.git
   bdbb01c..b371dfd  HEAD -> backup
To https://github.com/lifeosnico-bot/nico-workspace.git
   b371dfd..826ae32  HEAD -> backup
To https://github.com/lifeosnico-bot/nico-workspace.git
   826ae32..a750a7b  HEAD -> backup
To https://github.com/lifeosnico-bot/nico-workspace.git
   a750a7b..8a0448d  HEAD -> backup
To https://github.com/lifeosnico-bot/nico-workspace.git
   8a0448d..4071fe9  HEAD -> backup
To https://github.com/lifeosnico-bot/nico-workspace.git
   4071fe9..956557e  HEAD -> backup
To https://github.com/lifeosnico-bot/nico-workspace.git
   956557e..8ee52e1  HEAD -> backup
To https://github.com/lifeosnico-bot/nico-workspace.git
   8ee52e1..ff4ad8f  HEAD -> backup
To https://github.com/lifeosnico-bot/nico-workspace.git
   ff4ad8f..294358b  HEAD -> backup
To https://github.com/lifeosnico-bot/nico-workspace.git
   294358b..57acf38  HEAD -> backup
To https://github.com/lifeosnico-bot/nico-workspace.git
   57acf38..4ea62be  HEAD -> backup
To https://github.com/lifeosnico-bot/nico-workspace.git
   4ea62be..8282fb1  HEAD -> backup
To https://github.com/lifeosnico-bot/nico-workspace.git
   8282fb1..c3e8f76  HEAD -> backup
To https://github.com/lifeosnico-bot/nico-workspace.git
   c3e8f76..0712b96  HEAD -> backup
To https://github.com/lifeosnico-bot/nico-workspace.git
   0712b96..eaec175  HEAD -> backup
To https://github.com/lifeosnico-bot/nico-workspace.git
   eaec175..c8083e3  HEAD -> backup
To https://github.com/lifeosnico-bot/nico-workspace.git
   c8083e3..75bf59c  HEAD -> backup
To https://github.com/lifeosnico-bot/nico-workspace.git
   75bf59c..0b72785  HEAD -> backup
To https://github.com/lifeosnico-bot/nico-workspace.git
   0b72785..bace640  HEAD -> backup
To https://github.com/lifeosnico-bot/nico-workspace.git
   bace640..36ec568  HEAD -> backup
To https://github.com/lifeosnico-bot/nico-workspace.git
   36ec568..1164071  HEAD -> backup
To https://github.com/lifeosnico-bot/nico-workspace.git
   1164071..8754f41  HEAD -> backup
To https://github.com/lifeosnico-bot/nico-workspace.git
   8754f41..93b75fd  HEAD -> backup
To https://github.com/lifeosnico-bot/nico-workspace.git
   93b75fd..794b095  HEAD -> backup
To https://github.com/lifeosnico-bot/nico-workspace.git
   794b095..7016ec3  HEAD -> backup
To https://github.com/lifeosnico-bot/nico-workspace.git
   7016ec3..6d162a3  HEAD -> backup
To https://github.com/lifeosnico-bot/nico-workspace.git
   6d162a3..6049ca6  HEAD -> backup
To https://github.com/lifeosnico-bot/nico-workspace.git
   6049ca6..71a00f5  HEAD -> backup
To https://github.com/lifeosnico-bot/nico-workspace.git
   71a00f5..b3ccdca  HEAD -> backup
To https://github.com/lifeosnico-bot/nico-workspace.git
   b3ccdca..c632f3f  HEAD -> backup
To https://github.com/lifeosnico-bot/nico-workspace.git
   c632f3f..4e6bb45  HEAD -> backup
To https://github.com/lifeosnico-bot/nico-workspace.git
   4e6bb45..64d719d  HEAD -> backup
To https://github.com/lifeosnico-bot/nico-workspace.git
   64d719d..6b37214  HEAD -> backup
To https://github.com/lifeosnico-bot/nico-workspace.git
   6b37214..233e8d6  HEAD -> backup
To https://github.com/lifeosnico-bot/nico-workspace.git
   233e8d6..ce603c1  HEAD -> backup
To https://github.com/lifeosnico-bot/nico-workspace.git
   ce603c1..bf0f097  HEAD -> backup
To https://github.com/lifeosnico-bot/nico-workspace.git
   bf0f097..b7cf34d  HEAD -> backup
To https://github.com/lifeosnico-bot/nico-workspace.git
   b7cf34d..3be2f02  HEAD -> backup
To https://github.com/lifeosnico-bot/nico-workspace.git
   3be2f02..f7dec01  HEAD -> backup
To https://github.com/lifeosnico-bot/nico-workspace.git
   f7dec01..f2ecb05  HEAD -> backup
To https://github.com/lifeosnico-bot/nico-workspace.git
   f2ecb05..af9bbd0  HEAD -> backup
To https://github.com/lifeosnico-bot/nico-workspace.git
   af9bbd0..69760f9  HEAD -> backup
To https://github.com/lifeosnico-bot/nico-workspace.git
   69760f9..422ce84  HEAD -> backup
To https://github.com/lifeosnico-bot/nico-workspace.git
   422ce84..cc379a0  HEAD -> backup
To https://github.com/lifeosnico-bot/nico-workspace.git
   cc379a0..5443687  HEAD -> backup
To https://github.com/lifeosnico-bot/nico-workspace.git
   5443687..c61a44c  HEAD -> backup
To https://github.com/lifeosnico-bot/nico-workspace.git
   c61a44c..1b23c50  HEAD -> backup
To https://github.com/lifeosnico-bot/nico-workspace.git
   1b23c50..42080d6  HEAD -> backup
To https://github.com/lifeosnico-bot/nico-workspace.git
   42080d6..edf2938  HEAD -> backup
To https://github.com/lifeosnico-bot/nico-workspace.git
   edf2938..974d6a1  HEAD -> backup
To https://github.com/lifeosnico-bot/nico-workspace.git
   974d6a1..819aec1  HEAD -> backup
To https://github.com/lifeosnico-bot/nico-workspace.git
   819aec1..078055a  HEAD -> backup
To https://github.com/lifeosnico-bot/nico-workspace.git
   078055a..9d5f44b  HEAD -> backup
To https://github.com/lifeosnico-bot/nico-workspace.git
   9d5f44b..cfd9934  HEAD -> backup
To https://github.com/lifeosnico-bot/nico-workspace.git
   cfd9934..8a49ab8  HEAD -> backup
To https://github.com/lifeosnico-bot/nico-workspace.git
   8a49ab8..43e280a  HEAD -> backup
To https://github.com/lifeosnico-bot/nico-workspace.git
   43e280a..91e1610  HEAD -> backup
To https://github.com/lifeosnico-bot/nico-workspace.git
   91e1610..d63694d  HEAD -> backup
To https://github.com/lifeosnico-bot/nico-workspace.git
   d63694d..dbbc898  HEAD -> backup
To https://github.com/lifeosnico-bot/nico-workspace.git
   dbbc898..f3fe62a  HEAD -> backup
To https://github.com/lifeosnico-bot/nico-workspace.git
   f3fe62a..c6062f1  HEAD -> backup
To https://github.com/lifeosnico-bot/nico-workspace.git
   c6062f1..4bda055  HEAD -> backup
To https://github.com/lifeosnico-bot/nico-workspace.git
   4bda055..f287e35  HEAD -> backup
To https://github.com/lifeosnico-bot/nico-workspace.git
   f287e35..828fdc6  HEAD -> backup
To https://github.com/lifeosnico-bot/nico-workspace.git
   828fdc6..c68cae8  HEAD -> backup
To https://github.com/lifeosnico-bot/nico-workspace.git
   c68cae8..c2073a6  HEAD -> backup
To https://github.com/lifeosnico-bot/nico-workspace.git
   c2073a6..db40473  HEAD -> backup
To https://github.com/lifeosnico-bot/nico-workspace.git
   db40473..1662531  HEAD -> backup
To https://github.com/lifeosnico-bot/nico-workspace.git
   1662531..b1b5b7d  HEAD -> backup
To https://github.com/lifeosnico-bot/nico-workspace.git
   b1b5b7d..1605d94  HEAD -> backup
To https://github.com/lifeosnico-bot/nico-workspace.git
   1605d94..859e01b  HEAD -> backup
To https://github.com/lifeosnico-bot/nico-workspace.git
   859e01b..f66b0b7  HEAD -> backup
To https://github.com/lifeosnico-bot/nico-workspace.git
   f66b0b7..c9f6eed  HEAD -> backup
To https://github.com/lifeosnico-bot/nico-workspace.git
   c9f6eed..4f8aac1  HEAD -> backup
To https://github.com/lifeosnico-bot/nico-workspace.git
   4f8aac1..5a3db00  HEAD -> backup
To https://github.com/lifeosnico-bot/nico-workspace.git
   5a3db00..ee08a77  HEAD -> backup
To https://github.com/lifeosnico-bot/nico-workspace.git
   ee08a77..0fb9457  HEAD -> backup
To https://github.com/lifeosnico-bot/nico-workspace.git
   0fb9457..dbd11c2  HEAD -> backup
To https://github.com/lifeosnico-bot/nico-workspace.git
   dbd11c2..cfc29b6  HEAD -> backup
To https://github.com/lifeosnico-bot/nico-workspace.git
   cfc29b6..b5d6381  HEAD -> backup
To https://github.com/lifeosnico-bot/nico-workspace.git
   b5d6381..d5c6305  HEAD -> backup
To https://github.com/lifeosnico-bot/nico-workspace.git
   d5c6305..2fe0b65  HEAD -> backup
To https://github.com/lifeosnico-bot/nico-workspace.git
   2fe0b65..56edb07  HEAD -> backup
To https://github.com/lifeosnico-bot/nico-workspace.git
   56edb07..98b4db3  HEAD -> backup
To https://github.com/lifeosnico-bot/nico-workspace.git
   98b4db3..6b041f9  HEAD -> backup
To https://github.com/lifeosnico-bot/nico-workspace.git
   6b041f9..c7543de  HEAD -> backup
To https://github.com/lifeosnico-bot/nico-workspace.git
   c7543de..3a22f84  HEAD -> backup
To https://github.com/lifeosnico-bot/nico-workspace.git
   3a22f84..f49b0e1  HEAD -> backup
To https://github.com/lifeosnico-bot/nico-workspace.git
   f49b0e1..4fec68d  HEAD -> backup
To https://github.com/lifeosnico-bot/nico-workspace.git
   4fec68d..9320ec2  HEAD -> backup
To https://github.com/lifeosnico-bot/nico-workspace.git
   9320ec2..bd183f3  HEAD -> backup
To https://github.com/lifeosnico-bot/nico-workspace.git
   bd183f3..f369598  HEAD -> backup
To https://github.com/lifeosnico-bot/nico-workspace.git
   f369598..713473a  HEAD -> backup
To https://github.com/lifeosnico-bot/nico-workspace.git
   713473a..9599eda  HEAD -> backup
To https://github.com/lifeosnico-bot/nico-workspace.git
   9599eda..bb05abd  HEAD -> backup
To https://github.com/lifeosnico-bot/nico-workspace.git
   bb05abd..aec820c  HEAD -> backup
To https://github.com/lifeosnico-bot/nico-workspace.git
   aec820c..3a4aace  HEAD -> backup
To https://github.com/lifeosnico-bot/nico-workspace.git
   3a4aace..e16a982  HEAD -> backup
To https://github.com/lifeosnico-bot/nico-workspace.git
   e16a982..c6d9a8f  HEAD -> backup
To https://github.com/lifeosnico-bot/nico-workspace.git
   c6d9a8f..d2fa6e6  HEAD -> backup
To https://github.com/lifeosnico-bot/nico-workspace.git
   d2fa6e6..33bacd0  HEAD -> backup
To https://github.com/lifeosnico-bot/nico-workspace.git
   33bacd0..56dd9df  HEAD -> backup
To https://github.com/lifeosnico-bot/nico-workspace.git
   56dd9df..2119792  HEAD -> backup
To https://github.com/lifeosnico-bot/nico-workspace.git
   2119792..f2c5206  HEAD -> backup
To https://github.com/lifeosnico-bot/nico-workspace.git
   f2c5206..2f87f68  HEAD -> backup
To https://github.com/lifeosnico-bot/nico-workspace.git
   2f87f68..a2e3d74  HEAD -> backup
To https://github.com/lifeosnico-bot/nico-workspace.git
   a2e3d74..0fd1e2f  HEAD -> backup
To https://github.com/lifeosnico-bot/nico-workspace.git
   0fd1e2f..ff23f3e  HEAD -> backup
To https://github.com/lifeosnico-bot/nico-workspace.git
   ff23f3e..5b70304  HEAD -> backup
To https://github.com/lifeosnico-bot/nico-workspace.git
   5b70304..a7f6e28  HEAD -> backup
To https://github.com/lifeosnico-bot/nico-workspace.git
   a7f6e28..2552d82  HEAD -> backup
To https://github.com/lifeosnico-bot/nico-workspace.git
   2552d82..03ce525  HEAD -> backup
To https://github.com/lifeosnico-bot/nico-workspace.git
   03ce525..4766940  HEAD -> backup
To https://github.com/lifeosnico-bot/nico-workspace.git
   4766940..874c4c5  HEAD -> backup
To https://github.com/lifeosnico-bot/nico-workspace.git
   874c4c5..0464db4  HEAD -> backup
To https://github.com/lifeosnico-bot/nico-workspace.git
   0464db4..920e48f  HEAD -> backup
To https://github.com/lifeosnico-bot/nico-workspace.git
   920e48f..2323088  HEAD -> backup
To https://github.com/lifeosnico-bot/nico-workspace.git
   2323088..e16e592  HEAD -> backup
To https://github.com/lifeosnico-bot/nico-workspace.git
   e16e592..e6c3050  HEAD -> backup
To https://github.com/lifeosnico-bot/nico-workspace.git
   e6c3050..84d96fd  HEAD -> backup
To https://github.com/lifeosnico-bot/nico-workspace.git
   84d96fd..dd99618  HEAD -> backup
To https://github.com/lifeosnico-bot/nico-workspace.git
   dd99618..112c260  HEAD -> backup
To https://github.com/lifeosnico-bot/nico-workspace.git
   112c260..973fbe6  HEAD -> backup
To https://github.com/lifeosnico-bot/nico-workspace.git
   973fbe6..7c495d7  HEAD -> backup
To https://github.com/lifeosnico-bot/nico-workspace.git
   7c495d7..a2f1af7  HEAD -> backup
To https://github.com/lifeosnico-bot/nico-workspace.git
   a2f1af7..2ac1390  HEAD -> backup
To https://github.com/lifeosnico-bot/nico-workspace.git
   2ac1390..7cf8ff2  HEAD -> backup
To https://github.com/lifeosnico-bot/nico-workspace.git
   7cf8ff2..3b97b0d  HEAD -> backup
To https://github.com/lifeosnico-bot/nico-workspace.git
   3b97b0d..8d9d35a  HEAD -> backup
To https://github.com/lifeosnico-bot/nico-workspace.git
   8d9d35a..37d09ef  HEAD -> backup
To https://github.com/lifeosnico-bot/nico-workspace.git
   37d09ef..b95ea46  HEAD -> backup
To https://github.com/lifeosnico-bot/nico-workspace.git
   b95ea46..9280c0b  HEAD -> backup
To https://github.com/lifeosnico-bot/nico-workspace.git
   9280c0b..d6eff14  HEAD -> backup
To https://github.com/lifeosnico-bot/nico-workspace.git
   d6eff14..faa7a1c  HEAD -> backup
To https://github.com/lifeosnico-bot/nico-workspace.git
   faa7a1c..9b17b63  HEAD -> backup
To https://github.com/lifeosnico-bot/nico-workspace.git
   9b17b63..6b99d62  HEAD -> backup
To https://github.com/lifeosnico-bot/nico-workspace.git
   6b99d62..d4c17ba  HEAD -> backup
To https://github.com/lifeosnico-bot/nico-workspace.git
   d4c17ba..7a19dc8  HEAD -> backup
To https://github.com/lifeosnico-bot/nico-workspace.git
   7a19dc8..490dde1  HEAD -> backup
To https://github.com/lifeosnico-bot/nico-workspace.git
   490dde1..f8a0631  HEAD -> backup
To https://github.com/lifeosnico-bot/nico-workspace.git
   f8a0631..ccf7fa7  HEAD -> backup
To https://github.com/lifeosnico-bot/nico-workspace.git
   ccf7fa7..5bc5320  HEAD -> backup
To https://github.com/lifeosnico-bot/nico-workspace.git
   5bc5320..1468459  HEAD -> backup
To https://github.com/lifeosnico-bot/nico-workspace.git
   1468459..41278be  HEAD -> backup
To https://github.com/lifeosnico-bot/nico-workspace.git
   41278be..55fa982  HEAD -> backup
To https://github.com/lifeosnico-bot/nico-workspace.git
   55fa982..6b50d43  HEAD -> backup
To https://github.com/lifeosnico-bot/nico-workspace.git
   6b50d43..2744c02  HEAD -> backup
To https://github.com/lifeosnico-bot/nico-workspace.git
   2744c02..0e0755e  HEAD -> backup
To https://github.com/lifeosnico-bot/nico-workspace.git
   0e0755e..83f69a6  HEAD -> backup
To https://github.com/lifeosnico-bot/nico-workspace.git
   83f69a6..6986d7a  HEAD -> backup
To https://github.com/lifeosnico-bot/nico-workspace.git
   6986d7a..c126acf  HEAD -> backup
To https://github.com/lifeosnico-bot/nico-workspace.git
   c126acf..3fb4890  HEAD -> backup
To https://github.com/lifeosnico-bot/nico-workspace.git
   3fb4890..a37ca2f  HEAD -> backup
To https://github.com/lifeosnico-bot/nico-workspace.git
   a37ca2f..2243dc0  HEAD -> backup
To https://github.com/lifeosnico-bot/nico-workspace.git
   2243dc0..8a3f482  HEAD -> backup
To https://github.com/lifeosnico-bot/nico-workspace.git
   8a3f482..32265b7  HEAD -> backup
To https://github.com/lifeosnico-bot/nico-workspace.git
   32265b7..e2c6768  HEAD -> backup
To https://github.com/lifeosnico-bot/nico-workspace.git
   e2c6768..7bd1261  HEAD -> backup
To https://github.com/lifeosnico-bot/nico-workspace.git
   7bd1261..7aeafed  HEAD -> backup
To https://github.com/lifeosnico-bot/nico-workspace.git
   7aeafed..c3174c7  HEAD -> backup
To https://github.com/lifeosnico-bot/nico-workspace.git
   c3174c7..d250b8d  HEAD -> backup
To https://github.com/lifeosnico-bot/nico-workspace.git
   d250b8d..ae583ae  HEAD -> backup
To https://github.com/lifeosnico-bot/nico-workspace.git
   ae583ae..a4a1583  HEAD -> backup
To https://github.com/lifeosnico-bot/nico-workspace.git
   a4a1583..9059f3d  HEAD -> backup
To https://github.com/lifeosnico-bot/nico-workspace.git
   9059f3d..f758b03  HEAD -> backup
To https://github.com/lifeosnico-bot/nico-workspace.git
   f758b03..ed6bce0  HEAD -> backup
To https://github.com/lifeosnico-bot/nico-workspace.git
   ed6bce0..bf12dda  HEAD -> backup
To https://github.com/lifeosnico-bot/nico-workspace.git
   bf12dda..fad65ab  HEAD -> backup
To https://github.com/lifeosnico-bot/nico-workspace.git
   fad65ab..cffdb25  HEAD -> backup
To https://github.com/lifeosnico-bot/nico-workspace.git
   cffdb25..6500256  HEAD -> backup
To https://github.com/lifeosnico-bot/nico-workspace.git
   6500256..b8528b0  HEAD -> backup
To https://github.com/lifeosnico-bot/nico-workspace.git
   b8528b0..d06d1af  HEAD -> backup
To https://github.com/lifeosnico-bot/nico-workspace.git
   d06d1af..296c5c7  HEAD -> backup
To https://github.com/lifeosnico-bot/nico-workspace.git
   296c5c7..128eb17  HEAD -> backup
To https://github.com/lifeosnico-bot/nico-workspace.git
   128eb17..bdc6ee6  HEAD -> backup
To https://github.com/lifeosnico-bot/nico-workspace.git
   bdc6ee6..df59d77  HEAD -> backup
To https://github.com/lifeosnico-bot/nico-workspace.git
   df59d77..c0058e7  HEAD -> backup
To https://github.com/lifeosnico-bot/nico-workspace.git
   c0058e7..c726185  HEAD -> backup
To https://github.com/lifeosnico-bot/nico-workspace.git
   c726185..2617e5b  HEAD -> backup
To https://github.com/lifeosnico-bot/nico-workspace.git
   2617e5b..734e867  HEAD -> backup
To https://github.com/lifeosnico-bot/nico-workspace.git
   734e867..44e9fd2  HEAD -> backup
To https://github.com/lifeosnico-bot/nico-workspace.git
   44e9fd2..bd5577b  HEAD -> backup
To https://github.com/lifeosnico-bot/nico-workspace.git
   bd5577b..112a0ad  HEAD -> backup
To https://github.com/lifeosnico-bot/nico-workspace.git
   112a0ad..0855072  HEAD -> backup
To https://github.com/lifeosnico-bot/nico-workspace.git
   0855072..baf8c4a  HEAD -> backup
To https://github.com/lifeosnico-bot/nico-workspace.git
   baf8c4a..28c0af4  HEAD -> backup
To https://github.com/lifeosnico-bot/nico-workspace.git
   28c0af4..359009e  HEAD -> backup
To https://github.com/lifeosnico-bot/nico-workspace.git
   359009e..47f4285  HEAD -> backup
To https://github.com/lifeosnico-bot/nico-workspace.git
   47f4285..e77788d  HEAD -> backup
To https://github.com/lifeosnico-bot/nico-workspace.git
   e77788d..65cb985  HEAD -> backup
To https://github.com/lifeosnico-bot/nico-workspace.git
   65cb985..1947218  HEAD -> backup
To https://github.com/lifeosnico-bot/nico-workspace.git
   1947218..2365f94  HEAD -> backup
To https://github.com/lifeosnico-bot/nico-workspace.git
   2365f94..5e4aea2  HEAD -> backup
To https://github.com/lifeosnico-bot/nico-workspace.git
   5e4aea2..7957a27  HEAD -> backup
To https://github.com/lifeosnico-bot/nico-workspace.git
   7957a27..19533d7  HEAD -> backup
